profile_index,injected_site,frequency_hz,omega_rad_s,baseline_root_psd,treated_root_psd,psd_difference,added_noise_intensity,model
0,1,0.333333333333,2.09439510239,3.02205298936e-06,3.02485064856e-06,2.7976591944e-09,1e-05,Haertter_SarcomereModel_v0.2.0
0,1,0.5,3.14159265359,1.54272565958e-07,1.53715205893e-07,-5.57360065135e-10,1e-05,Haertter_SarcomereModel_v0.2.0
0,1,0.666666666667,4.18879020479,9.04634463567e-10,9.27679032459e-10,2.3044568891e-11,1e-05,Haertter_SarcomereModel_v0.2.0
0,1,0.833333333333,5.23598775598,0.00288806208034,0.00288799473367,-6.73466703468e-08,1e-05,Haertter_SarcomereModel_v0.2.0
0,1,1.16666666667,7.33038285838,0.00293654431571,0.00293647890741,-6.54082944651e-08,1e-05,Haertter_SarcomereModel_v0.2.0
0,1,1.33333333333,8.37758040957,4.86434696042e-09,4.88284518521e-09,1.84982247894e-11,1e-05,Haertter_SarcomereModel_v0.2.0
1,2,0.333333333333,2.09439510239,3.02205298936e-06,3.02111884655e-06,-9.34142814052e-10,1e-05,Haertter_SarcomereModel_v0.2.0
1,2,0.5,3.14159265359,1.54272565958e-07,1.54522718985e-07,2.50153027177e-10,1e-05,Haertter_SarcomereModel_v0.2.0
1,2,0.666666666667,4.18879020479,9.04634463567e-10,8.83439297006e-10,-2.11951665613e-11,1e-05,Haertter_SarcomereModel_v0.2.0
1,2,0.833333333333,5.23598775598,0.00288806208034,0.00288806415557,2.07522633279e-09,1e-05,Haertter_SarcomereModel_v0.2.0
1,2,1.16666666667,7.33038285838,0.00293654431571,0.00293664481213,1.00496425856e-07,1e-05,Haertter_SarcomereModel_v0.2.0
1,2,1.33333333333,8.37758040957,4.86434696042e-09,4.86936983465e-09,5.0228742227e-12,1e-05,Haertter_SarcomereModel_v0.2.0
2,3,0.333333333333,2.09439510239,3.02205298936e-06,3.0235355098e-06,1.48252043477e-09,1e-05,Haertter_SarcomereModel_v0.2.0
2,3,0.5,3.14159265359,1.54272565958e-07,1.53627747672e-07,-6.44818285473e-10,1e-05,Haertter_SarcomereModel_v0.2.0
2,3,0.666666666667,4.18879020479,9.04634463567e-10,9.37856410722e-10,3.32219471545e-11,1e-05,Haertter_SarcomereModel_v0.2.0
2,3,0.833333333333,5.23598775598,0.00288806208034,0.00288813312956,7.10492168649e-08,1e-05,Haertter_SarcomereModel_v0.2.0
2,3,1.16666666667,7.33038285838,0.00293654431571,0.0029364866544,-5.76613003868e-08,1e-05,Haertter_SarcomereModel_v0.2.0
2,3,1.33333333333,8.37758040957,4.86434696042e-09,4.88357461827e-09,1.92276578478e-11,1e-05,Haertter_SarcomereModel_v0.2.0
3,4,0.333333333333,2.09439510239,3.02205298936e-06,3.02334108449e-06,1.28809512696e-09,1e-05,Haertter_SarcomereModel_v0.2.0
3,4,0.5,3.14159265359,1.54272565958e-07,1.5416035379e-07,-1.1221216718e-10,1e-05,Haertter_SarcomereModel_v0.2.0
3,4,0.666666666667,4.18879020479,9.04634463567e-10,8.65661966879e-10,-3.89724966882e-11,1e-05,Haertter_SarcomereModel_v0.2.0
3,4,0.833333333333,5.23598775598,0.00288806208034,0.0028880512436,-1.08367424674e-08,1e-05,Haertter_SarcomereModel_v0.2.0
3,4,1.16666666667,7.33038285838,0.00293654431571,0.0029364541646,-9.01511085487e-08,1e-05,Haertter_SarcomereModel_v0.2.0
3,4,1.33333333333,8.37758040957,4.86434696042e-09,4.92111277146e-09,5.67658110392e-11,1e-05,Haertter_SarcomereModel_v0.2.0
