figure,panel,record_type,source_path,source_sha256,movie,node,x_px,y_px,tracked_frames,degree,source,target,detections,detection_fraction,length_px,regime,node_index,x_schematic,y_schematic,provenance,node_u,node_v
1,a,node,figure1_reproduction/source/records/CROP_NODES.csv,1077d88bed14abb25002bc483fe51a6078a1c37a465497023729ac87cc5bf915,E3,48,168.30338287631335,-175.91528667640245,83,2,NA,NA,NA,NA,NA,NA,NA,NA,NA,NA,NA,NA
1,a,node,figure1_reproduction/source/records/CROP_NODES.csv,1077d88bed14abb25002bc483fe51a6078a1c37a465497023729ac87cc5bf915,E3,49,127.21255572028652,-175.51198001224665,55,2,NA,NA,NA,NA,NA,NA,NA,NA,NA,NA,NA,NA
1,a,node,figure1_reproduction/source/records/CROP_NODES.csv,1077d88bed14abb25002bc483fe51a6078a1c37a465497023729ac87cc5bf915,E3,62,131.7657890286942,-176.82443377245849,77,3,NA,NA,NA,NA,NA,NA,NA,NA,NA,NA,NA,NA
1,a,node,figure1_reproduction/source/records/CROP_NODES.csv,1077d88bed14abb25002bc483fe51a6078a1c37a465497023729ac87cc5bf915,E3,63,140.00281301846371,-174.60953788557416,54,1,NA,NA,NA,NA,NA,NA,NA,NA,NA,NA,NA,NA
1,a,node,figure1_reproduction/source/records/CROP_NODES.csv,1077d88bed14abb25002bc483fe51a6078a1c37a465497023729ac87cc5bf915,E3,64,167.64933601313635,-199.25977419088483,136,3,NA,NA,NA,NA,NA,NA,NA,NA,NA,NA,NA,NA
1,a,node,figure1_reproduction/source/records/CROP_NODES.csv,1077d88bed14abb25002bc483fe51a6078a1c37a465497023729ac87cc5bf915,E3,67,159.34826054912963,-201.03432035134787,77,4,NA,NA,NA,NA,NA,NA,NA,NA,NA,NA,NA,NA
1,a,node,figure1_reproduction/source/records/CROP_NODES.csv,1077d88bed14abb25002bc483fe51a6078a1c37a465497023729ac87cc5bf915,E3,68,171.50076667986841,-202.4366121803468,149,3,NA,NA,NA,NA,NA,NA,NA,NA,NA,NA,NA,NA
1,a,node,figure1_reproduction/source/records/CROP_NODES.csv,1077d88bed14abb25002bc483fe51a6078a1c37a465497023729ac87cc5bf915,E3,72,166.50145795721758,-206.79483671811124,150,5,NA,NA,NA,NA,NA,NA,NA,NA,NA,NA,NA,NA
1,a,node,figure1_reproduction/source/records/CROP_NODES.csv,1077d88bed14abb25002bc483fe51a6078a1c37a465497023729ac87cc5bf915,E3,77,171.81623941065828,-210.71513778999281,150,3,NA,NA,NA,NA,NA,NA,NA,NA,NA,NA,NA,NA
1,a,node,figure1_reproduction/source/records/CROP_NODES.csv,1077d88bed14abb25002bc483fe51a6078a1c37a465497023729ac87cc5bf915,E3,127,135.89646913255601,-181.94526068360264,114,5,NA,NA,NA,NA,NA,NA,NA,NA,NA,NA,NA,NA
1,a,node,figure1_reproduction/source/records/CROP_NODES.csv,1077d88bed14abb25002bc483fe51a6078a1c37a465497023729ac87cc5bf915,E3,128,146.89950667147679,-181.88722442685463,69,1,NA,NA,NA,NA,NA,NA,NA,NA,NA,NA,NA,NA
1,a,node,figure1_reproduction/source/records/CROP_NODES.csv,1077d88bed14abb25002bc483fe51a6078a1c37a465497023729ac87cc5bf915,E3,129,140.403561074788,-185.47268783700176,96,3,NA,NA,NA,NA,NA,NA,NA,NA,NA,NA,NA,NA
1,a,node,figure1_reproduction/source/records/CROP_NODES.csv,1077d88bed14abb25002bc483fe51a6078a1c37a465497023729ac87cc5bf915,E3,130,149.51730920202041,-183.99234340045945,52,1,NA,NA,NA,NA,NA,NA,NA,NA,NA,NA,NA,NA
1,a,node,figure1_reproduction/source/records/CROP_NODES.csv,1077d88bed14abb25002bc483fe51a6078a1c37a465497023729ac87cc5bf915,E3,133,145.93134715835325,-190.69699057195879,146,4,NA,NA,NA,NA,NA,NA,NA,NA,NA,NA,NA,NA
1,a,node,figure1_reproduction/source/records/CROP_NODES.csv,1077d88bed14abb25002bc483fe51a6078a1c37a465497023729ac87cc5bf915,E3,134,157.55372303294294,-191.46449536047703,150,2,NA,NA,NA,NA,NA,NA,NA,NA,NA,NA,NA,NA
1,a,node,figure1_reproduction/source/records/CROP_NODES.csv,1077d88bed14abb25002bc483fe51a6078a1c37a465497023729ac87cc5bf915,E3,137,151.39043525961964,-195.90088032999572,150,3,NA,NA,NA,NA,NA,NA,NA,NA,NA,NA,NA,NA
1,a,node,figure1_reproduction/source/records/CROP_NODES.csv,1077d88bed14abb25002bc483fe51a6078a1c37a465497023729ac87cc5bf915,E3,138,162.44756307112547,-195.28083097783369,148,2,NA,NA,NA,NA,NA,NA,NA,NA,NA,NA,NA,NA
1,a,node,figure1_reproduction/source/records/CROP_NODES.csv,1077d88bed14abb25002bc483fe51a6078a1c37a465497023729ac87cc5bf915,E3,141,157.33111801621206,-199.74020503117919,85,3,NA,NA,NA,NA,NA,NA,NA,NA,NA,NA,NA,NA
1,a,node,figure1_reproduction/source/records/CROP_NODES.csv,1077d88bed14abb25002bc483fe51a6078a1c37a465497023729ac87cc5bf915,E3,155,170.66125922359186,-186.37792640582515,29,1,NA,NA,NA,NA,NA,NA,NA,NA,NA,NA,NA,NA
1,a,node,figure1_reproduction/source/records/CROP_NODES.csv,1077d88bed14abb25002bc483fe51a6078a1c37a465497023729ac87cc5bf915,E3,159,123.08140523105529,-172.75323325481094,51,1,NA,NA,NA,NA,NA,NA,NA,NA,NA,NA,NA,NA
1,a,node,figure1_reproduction/source/records/CROP_NODES.csv,1077d88bed14abb25002bc483fe51a6078a1c37a465497023729ac87cc5bf915,E3,165,146.7115563063355,-185.10897410793689,54,2,NA,NA,NA,NA,NA,NA,NA,NA,NA,NA,NA,NA
1,a,node,figure1_reproduction/source/records/CROP_NODES.csv,1077d88bed14abb25002bc483fe51a6078a1c37a465497023729ac87cc5bf915,E3,184,161.27997672113449,-202.08083567309731,48,2,NA,NA,NA,NA,NA,NA,NA,NA,NA,NA,NA,NA
1,a,node,figure1_reproduction/source/records/CROP_NODES.csv,1077d88bed14abb25002bc483fe51a6078a1c37a465497023729ac87cc5bf915,E3,210,134.96580072340453,-180.08909541966054,37,1,NA,NA,NA,NA,NA,NA,NA,NA,NA,NA,NA,NA
1,a,node,figure1_reproduction/source/records/CROP_NODES.csv,1077d88bed14abb25002bc483fe51a6078a1c37a465497023729ac87cc5bf915,E3,212,162.69983619573742,-203.4177870875279,38,2,NA,NA,NA,NA,NA,NA,NA,NA,NA,NA,NA,NA
1,a,node,figure1_reproduction/source/records/CROP_NODES.csv,1077d88bed14abb25002bc483fe51a6078a1c37a465497023729ac87cc5bf915,E3,216,152.59519860781248,-186.75119238812081,84,2,NA,NA,NA,NA,NA,NA,NA,NA,NA,NA,NA,NA
1,a,node,figure1_reproduction/source/records/CROP_NODES.csv,1077d88bed14abb25002bc483fe51a6078a1c37a465497023729ac87cc5bf915,E3,240,132.20381115830335,-178.33234456480636,58,2,NA,NA,NA,NA,NA,NA,NA,NA,NA,NA,NA,NA
1,a,node,figure1_reproduction/source/records/CROP_NODES.csv,1077d88bed14abb25002bc483fe51a6078a1c37a465497023729ac87cc5bf915,E3,257,139.11318765138557,-184.67957430216731,45,1,NA,NA,NA,NA,NA,NA,NA,NA,NA,NA,NA,NA
1,a,node,figure1_reproduction/source/records/CROP_NODES.csv,1077d88bed14abb25002bc483fe51a6078a1c37a465497023729ac87cc5bf915,E3,263,167.63319339368164,-174.50740696528081,35,1,NA,NA,NA,NA,NA,NA,NA,NA,NA,NA,NA,NA
1,a,node,figure1_reproduction/source/records/CROP_NODES.csv,1077d88bed14abb25002bc483fe51a6078a1c37a465497023729ac87cc5bf915,E4,816,201.93157108379719,-446.00838356020336,150,5,NA,NA,NA,NA,NA,NA,NA,NA,NA,NA,NA,NA
1,a,node,figure1_reproduction/source/records/CROP_NODES.csv,1077d88bed14abb25002bc483fe51a6078a1c37a465497023729ac87cc5bf915,E4,818,155.14902585704741,-446.0366518843685,150,4,NA,NA,NA,NA,NA,NA,NA,NA,NA,NA,NA,NA
1,a,node,figure1_reproduction/source/records/CROP_NODES.csv,1077d88bed14abb25002bc483fe51a6078a1c37a465497023729ac87cc5bf915,E4,820,165.51753184403225,-443.74636255034159,145,6,NA,NA,NA,NA,NA,NA,NA,NA,NA,NA,NA,NA
1,a,node,figure1_reproduction/source/records/CROP_NODES.csv,1077d88bed14abb25002bc483fe51a6078a1c37a465497023729ac87cc5bf915,E4,834,164.41162049641449,-456.70620367593949,150,5,NA,NA,NA,NA,NA,NA,NA,NA,NA,NA,NA,NA
1,a,node,figure1_reproduction/source/records/CROP_NODES.csv,1077d88bed14abb25002bc483fe51a6078a1c37a465497023729ac87cc5bf915,E4,838,198.85693799858657,-452.03893613206617,125,2,NA,NA,NA,NA,NA,NA,NA,NA,NA,NA,NA,NA
1,a,node,figure1_reproduction/source/records/CROP_NODES.csv,1077d88bed14abb25002bc483fe51a6078a1c37a465497023729ac87cc5bf915,E4,843,160.75199595888978,-450.36534881911359,106,3,NA,NA,NA,NA,NA,NA,NA,NA,NA,NA,NA,NA
1,a,node,figure1_reproduction/source/records/CROP_NODES.csv,1077d88bed14abb25002bc483fe51a6078a1c37a465497023729ac87cc5bf915,E4,846,167.05987296597164,-449.80041858546497,24,1,NA,NA,NA,NA,NA,NA,NA,NA,NA,NA,NA,NA
1,a,node,figure1_reproduction/source/records/CROP_NODES.csv,1077d88bed14abb25002bc483fe51a6078a1c37a465497023729ac87cc5bf915,E4,849,186.76323176135759,-471.27833652206681,48,2,NA,NA,NA,NA,NA,NA,NA,NA,NA,NA,NA,NA
1,a,node,figure1_reproduction/source/records/CROP_NODES.csv,1077d88bed14abb25002bc483fe51a6078a1c37a465497023729ac87cc5bf915,E4,850,174.25638998064326,-467.20354672550894,114,4,NA,NA,NA,NA,NA,NA,NA,NA,NA,NA,NA,NA
1,a,node,figure1_reproduction/source/records/CROP_NODES.csv,1077d88bed14abb25002bc483fe51a6078a1c37a465497023729ac87cc5bf915,E4,854,196.89376311489411,-464.38783636056479,150,3,NA,NA,NA,NA,NA,NA,NA,NA,NA,NA,NA,NA
1,a,node,figure1_reproduction/source/records/CROP_NODES.csv,1077d88bed14abb25002bc483fe51a6078a1c37a465497023729ac87cc5bf915,E4,857,183.52263753382732,-463.26656808895359,150,4,NA,NA,NA,NA,NA,NA,NA,NA,NA,NA,NA,NA
1,a,node,figure1_reproduction/source/records/CROP_NODES.csv,1077d88bed14abb25002bc483fe51a6078a1c37a465497023729ac87cc5bf915,E4,858,176.68694442850344,-462.44387315987012,147,3,NA,NA,NA,NA,NA,NA,NA,NA,NA,NA,NA,NA
1,a,node,figure1_reproduction/source/records/CROP_NODES.csv,1077d88bed14abb25002bc483fe51a6078a1c37a465497023729ac87cc5bf915,E4,863,179.5434228985244,-457.4947288723597,81,2,NA,NA,NA,NA,NA,NA,NA,NA,NA,NA,NA,NA
1,a,node,figure1_reproduction/source/records/CROP_NODES.csv,1077d88bed14abb25002bc483fe51a6078a1c37a465497023729ac87cc5bf915,E4,870,173.00312912693894,-481.8059686539122,150,1,NA,NA,NA,NA,NA,NA,NA,NA,NA,NA,NA,NA
1,a,node,figure1_reproduction/source/records/CROP_NODES.csv,1077d88bed14abb25002bc483fe51a6078a1c37a465497023729ac87cc5bf915,E4,877,194.68809418681167,-471.28726433274255,140,3,NA,NA,NA,NA,NA,NA,NA,NA,NA,NA,NA,NA
1,a,node,figure1_reproduction/source/records/CROP_NODES.csv,1077d88bed14abb25002bc483fe51a6078a1c37a465497023729ac87cc5bf915,E4,878,180.77848885548744,-471.28857319864841,150,4,NA,NA,NA,NA,NA,NA,NA,NA,NA,NA,NA,NA
1,a,node,figure1_reproduction/source/records/CROP_NODES.csv,1077d88bed14abb25002bc483fe51a6078a1c37a465497023729ac87cc5bf915,E4,879,202.41264936442579,-468.94708613446761,115,3,NA,NA,NA,NA,NA,NA,NA,NA,NA,NA,NA,NA
1,a,node,figure1_reproduction/source/records/CROP_NODES.csv,1077d88bed14abb25002bc483fe51a6078a1c37a465497023729ac87cc5bf915,E4,1106,173.79518480188293,-455.7691308543051,116,2,NA,NA,NA,NA,NA,NA,NA,NA,NA,NA,NA,NA
1,a,node,figure1_reproduction/source/records/CROP_NODES.csv,1077d88bed14abb25002bc483fe51a6078a1c37a465497023729ac87cc5bf915,E4,1107,168.18591627952162,-463.88750160046601,63,1,NA,NA,NA,NA,NA,NA,NA,NA,NA,NA,NA,NA
1,a,node,figure1_reproduction/source/records/CROP_NODES.csv,1077d88bed14abb25002bc483fe51a6078a1c37a465497023729ac87cc5bf915,E4,1182,190.37522251660079,-463.81225314823394,58,2,NA,NA,NA,NA,NA,NA,NA,NA,NA,NA,NA,NA
1,a,node,figure1_reproduction/source/records/CROP_NODES.csv,1077d88bed14abb25002bc483fe51a6078a1c37a465497023729ac87cc5bf915,E4,1309,197.33648032550397,-455.35044291900942,112,2,NA,NA,NA,NA,NA,NA,NA,NA,NA,NA,NA,NA
1,a,node,figure1_reproduction/source/records/CROP_NODES.csv,1077d88bed14abb25002bc483fe51a6078a1c37a465497023729ac87cc5bf915,E4,1310,169.93346331604707,-460.96101867989199,102,3,NA,NA,NA,NA,NA,NA,NA,NA,NA,NA,NA,NA
1,a,node,figure1_reproduction/source/records/CROP_NODES.csv,1077d88bed14abb25002bc483fe51a6078a1c37a465497023729ac87cc5bf915,E4,1386,172.76892876084102,-445.8680282574212,67,2,NA,NA,NA,NA,NA,NA,NA,NA,NA,NA,NA,NA
1,a,node,figure1_reproduction/source/records/CROP_NODES.csv,1077d88bed14abb25002bc483fe51a6078a1c37a465497023729ac87cc5bf915,E4,1390,173.21616742814842,-473.93324898672643,77,2,NA,NA,NA,NA,NA,NA,NA,NA,NA,NA,NA,NA
1,a,node,figure1_reproduction/source/records/CROP_NODES.csv,1077d88bed14abb25002bc483fe51a6078a1c37a465497023729ac87cc5bf915,E4,1693,156.65352763303139,-453.12434189469042,16,1,NA,NA,NA,NA,NA,NA,NA,NA,NA,NA,NA,NA
1,a,node,figure1_reproduction/source/records/CROP_NODES.csv,1077d88bed14abb25002bc483fe51a6078a1c37a465497023729ac87cc5bf915,E4,1791,200.63424447158619,-471.85814429954752,40,1,NA,NA,NA,NA,NA,NA,NA,NA,NA,NA,NA,NA
1,a,node,figure1_reproduction/source/records/CROP_NODES.csv,1077d88bed14abb25002bc483fe51a6078a1c37a465497023729ac87cc5bf915,E4,1856,158.31939595919366,-451.88941372756699,75,2,NA,NA,NA,NA,NA,NA,NA,NA,NA,NA,NA,NA
1,a,node,figure1_reproduction/source/records/CROP_NODES.csv,1077d88bed14abb25002bc483fe51a6078a1c37a465497023729ac87cc5bf915,E4,1875,188.48493334870665,-469.93989384927971,96,2,NA,NA,NA,NA,NA,NA,NA,NA,NA,NA,NA,NA
1,a,node,figure1_reproduction/source/records/CROP_NODES.csv,1077d88bed14abb25002bc483fe51a6078a1c37a465497023729ac87cc5bf915,E4,1943,190.75962999428623,-462.90026626063286,85,2,NA,NA,NA,NA,NA,NA,NA,NA,NA,NA,NA,NA
1,a,node,figure1_reproduction/source/records/CROP_NODES.csv,1077d88bed14abb25002bc483fe51a6078a1c37a465497023729ac87cc5bf915,E4,2298,170.81646611019588,-459.94601954762976,50,2,NA,NA,NA,NA,NA,NA,NA,NA,NA,NA,NA,NA
1,a,node,figure1_reproduction/source/records/CROP_NODES.csv,1077d88bed14abb25002bc483fe51a6078a1c37a465497023729ac87cc5bf915,E4,2313,180.46396141356561,-456.88561300259607,36,1,NA,NA,NA,NA,NA,NA,NA,NA,NA,NA,NA,NA
1,a,node,figure1_reproduction/source/records/CROP_NODES.csv,1077d88bed14abb25002bc483fe51a6078a1c37a465497023729ac87cc5bf915,E4,2327,174.14260723308772,-445.37503255620567,28,1,NA,NA,NA,NA,NA,NA,NA,NA,NA,NA,NA,NA
1,a,node,figure1_reproduction/source/records/CROP_NODES.csv,1077d88bed14abb25002bc483fe51a6078a1c37a465497023729ac87cc5bf915,E4,2367,173.02602076399506,-468.10232456839753,36,2,NA,NA,NA,NA,NA,NA,NA,NA,NA,NA,NA,NA
1,a,node,figure1_reproduction/source/records/CROP_NODES.csv,1077d88bed14abb25002bc483fe51a6078a1c37a465497023729ac87cc5bf915,E5,864,178.44446175940058,-384.71310304153553,18,1,NA,NA,NA,NA,NA,NA,NA,NA,NA,NA,NA,NA
1,a,node,figure1_reproduction/source/records/CROP_NODES.csv,1077d88bed14abb25002bc483fe51a6078a1c37a465497023729ac87cc5bf915,E5,867,188.24489551119544,-381.2211817827498,57,2,NA,NA,NA,NA,NA,NA,NA,NA,NA,NA,NA,NA
1,a,node,figure1_reproduction/source/records/CROP_NODES.csv,1077d88bed14abb25002bc483fe51a6078a1c37a465497023729ac87cc5bf915,E5,877,166.66685373424994,-378.12573750353442,72,2,NA,NA,NA,NA,NA,NA,NA,NA,NA,NA,NA,NA
1,a,node,figure1_reproduction/source/records/CROP_NODES.csv,1077d88bed14abb25002bc483fe51a6078a1c37a465497023729ac87cc5bf915,E5,883,208.42787054562999,-384.61330863769751,150,2,NA,NA,NA,NA,NA,NA,NA,NA,NA,NA,NA,NA
1,a,node,figure1_reproduction/source/records/CROP_NODES.csv,1077d88bed14abb25002bc483fe51a6078a1c37a465497023729ac87cc5bf915,E5,886,235.99229683129741,-380.00821989897668,71,1,NA,NA,NA,NA,NA,NA,NA,NA,NA,NA,NA,NA
1,a,node,figure1_reproduction/source/records/CROP_NODES.csv,1077d88bed14abb25002bc483fe51a6078a1c37a465497023729ac87cc5bf915,E5,887,202.46372667565265,-381.8220991177198,150,2,NA,NA,NA,NA,NA,NA,NA,NA,NA,NA,NA,NA
1,a,node,figure1_reproduction/source/records/CROP_NODES.csv,1077d88bed14abb25002bc483fe51a6078a1c37a465497023729ac87cc5bf915,E5,893,224.97922747628743,-375.3400079251312,88,1,NA,NA,NA,NA,NA,NA,NA,NA,NA,NA,NA,NA
1,a,node,figure1_reproduction/source/records/CROP_NODES.csv,1077d88bed14abb25002bc483fe51a6078a1c37a465497023729ac87cc5bf915,E5,894,195.97102472919576,-380.13259224311366,150,4,NA,NA,NA,NA,NA,NA,NA,NA,NA,NA,NA,NA
1,a,node,figure1_reproduction/source/records/CROP_NODES.csv,1077d88bed14abb25002bc483fe51a6078a1c37a465497023729ac87cc5bf915,E5,895,171.93289116836004,-382.21788697650589,150,6,NA,NA,NA,NA,NA,NA,NA,NA,NA,NA,NA,NA
1,a,node,figure1_reproduction/source/records/CROP_NODES.csv,1077d88bed14abb25002bc483fe51a6078a1c37a465497023729ac87cc5bf915,E5,898,204.60303877907472,-392.43800004877062,150,2,NA,NA,NA,NA,NA,NA,NA,NA,NA,NA,NA,NA
1,a,node,figure1_reproduction/source/records/CROP_NODES.csv,1077d88bed14abb25002bc483fe51a6078a1c37a465497023729ac87cc5bf915,E5,899,182.09588544357851,-392.5871079603271,150,3,NA,NA,NA,NA,NA,NA,NA,NA,NA,NA,NA,NA
1,a,node,figure1_reproduction/source/records/CROP_NODES.csv,1077d88bed14abb25002bc483fe51a6078a1c37a465497023729ac87cc5bf915,E5,901,226.0578626805476,-394.57831357638071,149,3,NA,NA,NA,NA,NA,NA,NA,NA,NA,NA,NA,NA
1,a,node,figure1_reproduction/source/records/CROP_NODES.csv,1077d88bed14abb25002bc483fe51a6078a1c37a465497023729ac87cc5bf915,E5,902,194.56496180432541,-389.51522125919126,65,1,NA,NA,NA,NA,NA,NA,NA,NA,NA,NA,NA,NA
1,a,node,figure1_reproduction/source/records/CROP_NODES.csv,1077d88bed14abb25002bc483fe51a6078a1c37a465497023729ac87cc5bf915,E5,908,199.57309950291733,-388.20748043438442,142,2,NA,NA,NA,NA,NA,NA,NA,NA,NA,NA,NA,NA
1,a,node,figure1_reproduction/source/records/CROP_NODES.csv,1077d88bed14abb25002bc483fe51a6078a1c37a465497023729ac87cc5bf915,E5,911,214.21813538621564,-387.90309674526418,150,3,NA,NA,NA,NA,NA,NA,NA,NA,NA,NA,NA,NA
1,a,node,figure1_reproduction/source/records/CROP_NODES.csv,1077d88bed14abb25002bc483fe51a6078a1c37a465497023729ac87cc5bf915,E5,912,201.20671620362231,-401.70523587967023,107,3,NA,NA,NA,NA,NA,NA,NA,NA,NA,NA,NA,NA
1,a,node,figure1_reproduction/source/records/CROP_NODES.csv,1077d88bed14abb25002bc483fe51a6078a1c37a465497023729ac87cc5bf915,E5,915,238.92205955965696,-407.63951486128008,104,2,NA,NA,NA,NA,NA,NA,NA,NA,NA,NA,NA,NA
1,a,node,figure1_reproduction/source/records/CROP_NODES.csv,1077d88bed14abb25002bc483fe51a6078a1c37a465497023729ac87cc5bf915,E5,916,194.80285516807845,-399.4196308664724,150,3,NA,NA,NA,NA,NA,NA,NA,NA,NA,NA,NA,NA
1,a,node,figure1_reproduction/source/records/CROP_NODES.csv,1077d88bed14abb25002bc483fe51a6078a1c37a465497023729ac87cc5bf915,E5,919,210.53419292144159,-396.29444908844135,150,3,NA,NA,NA,NA,NA,NA,NA,NA,NA,NA,NA,NA
1,a,node,figure1_reproduction/source/records/CROP_NODES.csv,1077d88bed14abb25002bc483fe51a6078a1c37a465497023729ac87cc5bf915,E5,921,232.11317231959239,-397.36350279219369,150,3,NA,NA,NA,NA,NA,NA,NA,NA,NA,NA,NA,NA
1,a,node,figure1_reproduction/source/records/CROP_NODES.csv,1077d88bed14abb25002bc483fe51a6078a1c37a465497023729ac87cc5bf915,E5,922,187.92002221795207,-396.74614227250368,140,2,NA,NA,NA,NA,NA,NA,NA,NA,NA,NA,NA,NA
1,a,node,figure1_reproduction/source/records/CROP_NODES.csv,1077d88bed14abb25002bc483fe51a6078a1c37a465497023729ac87cc5bf915,E5,934,240.01926347356101,-408.87020399044445,40,2,NA,NA,NA,NA,NA,NA,NA,NA,NA,NA,NA,NA
1,a,node,figure1_reproduction/source/records/CROP_NODES.csv,1077d88bed14abb25002bc483fe51a6078a1c37a465497023729ac87cc5bf915,E5,935,210.57870910520435,-407.75137415064398,141,3,NA,NA,NA,NA,NA,NA,NA,NA,NA,NA,NA,NA
1,a,node,figure1_reproduction/source/records/CROP_NODES.csv,1077d88bed14abb25002bc483fe51a6078a1c37a465497023729ac87cc5bf915,E5,936,203.99325874470091,-405.51142403203289,130,4,NA,NA,NA,NA,NA,NA,NA,NA,NA,NA,NA,NA
1,a,node,figure1_reproduction/source/records/CROP_NODES.csv,1077d88bed14abb25002bc483fe51a6078a1c37a465497023729ac87cc5bf915,E5,937,198.91320151308864,-404.04711444347998,65,2,NA,NA,NA,NA,NA,NA,NA,NA,NA,NA,NA,NA
1,a,node,figure1_reproduction/source/records/CROP_NODES.csv,1077d88bed14abb25002bc483fe51a6078a1c37a465497023729ac87cc5bf915,E5,938,230.23158805894587,-406.08664318037142,150,4,NA,NA,NA,NA,NA,NA,NA,NA,NA,NA,NA,NA
1,a,node,figure1_reproduction/source/records/CROP_NODES.csv,1077d88bed14abb25002bc483fe51a6078a1c37a465497023729ac87cc5bf915,E5,939,208.36659159069583,-404.08905289228971,150,3,NA,NA,NA,NA,NA,NA,NA,NA,NA,NA,NA,NA
1,a,node,figure1_reproduction/source/records/CROP_NODES.csv,1077d88bed14abb25002bc483fe51a6078a1c37a465497023729ac87cc5bf915,E5,940,223.34120867472285,-404.70855866087447,141,3,NA,NA,NA,NA,NA,NA,NA,NA,NA,NA,NA,NA
1,a,node,figure1_reproduction/source/records/CROP_NODES.csv,1077d88bed14abb25002bc483fe51a6078a1c37a465497023729ac87cc5bf915,E5,1130,179.95284379541854,-381.82138791824747,55,3,NA,NA,NA,NA,NA,NA,NA,NA,NA,NA,NA,NA
1,a,node,figure1_reproduction/source/records/CROP_NODES.csv,1077d88bed14abb25002bc483fe51a6078a1c37a465497023729ac87cc5bf915,E5,1132,228.402741376276,-385.75105416670522,54,1,NA,NA,NA,NA,NA,NA,NA,NA,NA,NA,NA,NA
1,a,node,figure1_reproduction/source/records/CROP_NODES.csv,1077d88bed14abb25002bc483fe51a6078a1c37a465497023729ac87cc5bf915,E5,1133,175.96452392244407,-388.86736135101467,107,2,NA,NA,NA,NA,NA,NA,NA,NA,NA,NA,NA,NA
1,a,node,figure1_reproduction/source/records/CROP_NODES.csv,1077d88bed14abb25002bc483fe51a6078a1c37a465497023729ac87cc5bf915,E5,1134,220.08557686133352,-391.34104280069403,30,2,NA,NA,NA,NA,NA,NA,NA,NA,NA,NA,NA,NA
1,a,node,figure1_reproduction/source/records/CROP_NODES.csv,1077d88bed14abb25002bc483fe51a6078a1c37a465497023729ac87cc5bf915,E5,1135,216.77208883566769,-408.43298290417778,137,3,NA,NA,NA,NA,NA,NA,NA,NA,NA,NA,NA,NA
1,a,node,figure1_reproduction/source/records/CROP_NODES.csv,1077d88bed14abb25002bc483fe51a6078a1c37a465497023729ac87cc5bf915,E5,1183,218.03128215093156,-396.15804588669062,110,2,NA,NA,NA,NA,NA,NA,NA,NA,NA,NA,NA,NA
1,a,node,figure1_reproduction/source/records/CROP_NODES.csv,1077d88bed14abb25002bc483fe51a6078a1c37a465497023729ac87cc5bf915,E5,1184,238.72888550296079,-402.17395490659322,36,3,NA,NA,NA,NA,NA,NA,NA,NA,NA,NA,NA,NA
1,a,node,figure1_reproduction/source/records/CROP_NODES.csv,1077d88bed14abb25002bc483fe51a6078a1c37a465497023729ac87cc5bf915,E5,1216,174.81350971761628,-377.6072874385481,51,2,NA,NA,NA,NA,NA,NA,NA,NA,NA,NA,NA,NA
1,a,node,figure1_reproduction/source/records/CROP_NODES.csv,1077d88bed14abb25002bc483fe51a6078a1c37a465497023729ac87cc5bf915,E5,1273,221.70166134127797,-384.59391678125451,24,1,NA,NA,NA,NA,NA,NA,NA,NA,NA,NA,NA,NA
1,a,node,figure1_reproduction/source/records/CROP_NODES.csv,1077d88bed14abb25002bc483fe51a6078a1c37a465497023729ac87cc5bf915,E5,1319,168.62652501432666,-374.58551336888911,79,3,NA,NA,NA,NA,NA,NA,NA,NA,NA,NA,NA,NA
1,a,node,figure1_reproduction/source/records/CROP_NODES.csv,1077d88bed14abb25002bc483fe51a6078a1c37a465497023729ac87cc5bf915,E5,1347,189.5294128399747,-378.23327681939043,97,3,NA,NA,NA,NA,NA,NA,NA,NA,NA,NA,NA,NA
1,a,node,figure1_reproduction/source/records/CROP_NODES.csv,1077d88bed14abb25002bc483fe51a6078a1c37a465497023729ac87cc5bf915,E5,1355,180.78293581340296,-380.98991728956162,54,1,NA,NA,NA,NA,NA,NA,NA,NA,NA,NA,NA,NA
1,a,node,figure1_reproduction/source/records/CROP_NODES.csv,1077d88bed14abb25002bc483fe51a6078a1c37a465497023729ac87cc5bf915,E5,1386,238.59908983134403,-399.61544311656689,108,2,NA,NA,NA,NA,NA,NA,NA,NA,NA,NA,NA,NA
1,a,node,figure1_reproduction/source/records/CROP_NODES.csv,1077d88bed14abb25002bc483fe51a6078a1c37a465497023729ac87cc5bf915,E5,1417,181.62426516566671,-378.6398729233037,39,1,NA,NA,NA,NA,NA,NA,NA,NA,NA,NA,NA,NA
1,a,node,figure1_reproduction/source/records/CROP_NODES.csv,1077d88bed14abb25002bc483fe51a6078a1c37a465497023729ac87cc5bf915,E5,1445,224.01850533822829,-407.17950077741119,19,1,NA,NA,NA,NA,NA,NA,NA,NA,NA,NA,NA,NA
1,a,node,figure1_reproduction/source/records/CROP_NODES.csv,1077d88bed14abb25002bc483fe51a6078a1c37a465497023729ac87cc5bf915,E5,1479,216.64469946722809,-400.22550361557592,31,2,NA,NA,NA,NA,NA,NA,NA,NA,NA,NA,NA,NA
1,a,edge,figure1_reproduction/source/records/CROP_EDGES.csv,e1d0977019dc339c36f27d8700c663873f474b7e7e74f9c631dbb0e6688ed22d,E3,NA,NA,NA,NA,NA,49,62,16,0.1066666666666666,4.7386146112009762,NA,NA,NA,NA,NA,NA,NA
1,a,edge,figure1_reproduction/source/records/CROP_EDGES.csv,e1d0977019dc339c36f27d8700c663873f474b7e7e74f9c631dbb0e6688ed22d,E3,NA,NA,NA,NA,NA,49,159,17,0.1133333333333333,4.9676038525971089,NA,NA,NA,NA,NA,NA,NA
1,a,edge,figure1_reproduction/source/records/CROP_EDGES.csv,e1d0977019dc339c36f27d8700c663873f474b7e7e74f9c631dbb0e6688ed22d,E3,NA,NA,NA,NA,NA,62,127,30,0.20000000000000001,6.5791630451249583,NA,NA,NA,NA,NA,NA,NA
1,a,edge,figure1_reproduction/source/records/CROP_EDGES.csv,e1d0977019dc339c36f27d8700c663873f474b7e7e74f9c631dbb0e6688ed22d,E3,NA,NA,NA,NA,NA,62,240,16,0.1066666666666666,1.570241492161802,NA,NA,NA,NA,NA,NA,NA
1,a,edge,figure1_reproduction/source/records/CROP_EDGES.csv,e1d0977019dc339c36f27d8700c663873f474b7e7e74f9c631dbb0e6688ed22d,E3,NA,NA,NA,NA,NA,64,68,71,0.47333333333333327,4.9925762680136323,NA,NA,NA,NA,NA,NA,NA
1,a,edge,figure1_reproduction/source/records/CROP_EDGES.csv,e1d0977019dc339c36f27d8700c663873f474b7e7e74f9c631dbb0e6688ed22d,E3,NA,NA,NA,NA,NA,64,72,55,0.36666666666666659,7.6219939202594214,NA,NA,NA,NA,NA,NA,NA
1,a,edge,figure1_reproduction/source/records/CROP_EDGES.csv,e1d0977019dc339c36f27d8700c663873f474b7e7e74f9c631dbb0e6688ed22d,E3,NA,NA,NA,NA,NA,64,138,73,0.48666666666666669,6.5490786247320303,NA,NA,NA,NA,NA,NA,NA
1,a,edge,figure1_reproduction/source/records/CROP_EDGES.csv,e1d0977019dc339c36f27d8700c663873f474b7e7e74f9c631dbb0e6688ed22d,E3,NA,NA,NA,NA,NA,67,72,15,0.10000000000000001,9.1843226190517058,NA,NA,NA,NA,NA,NA,NA
1,a,edge,figure1_reproduction/source/records/CROP_EDGES.csv,e1d0977019dc339c36f27d8700c663873f474b7e7e74f9c631dbb0e6688ed22d,E3,NA,NA,NA,NA,NA,67,137,24,0.16,9.4699097034335367,NA,NA,NA,NA,NA,NA,NA
1,a,edge,figure1_reproduction/source/records/CROP_EDGES.csv,e1d0977019dc339c36f27d8700c663873f474b7e7e74f9c631dbb0e6688ed22d,E3,NA,NA,NA,NA,NA,67,141,24,0.16,2.3965805765716346,NA,NA,NA,NA,NA,NA,NA
1,a,edge,figure1_reproduction/source/records/CROP_EDGES.csv,e1d0977019dc339c36f27d8700c663873f474b7e7e74f9c631dbb0e6688ed22d,E3,NA,NA,NA,NA,NA,67,212,16,0.1066666666666666,4.112660087754767,NA,NA,NA,NA,NA,NA,NA
1,a,edge,figure1_reproduction/source/records/CROP_EDGES.csv,e1d0977019dc339c36f27d8700c663873f474b7e7e74f9c631dbb0e6688ed22d,E3,NA,NA,NA,NA,NA,68,77,84,0.56000000000000005,8.2845343449971214,NA,NA,NA,NA,NA,NA,NA
1,a,edge,figure1_reproduction/source/records/CROP_EDGES.csv,e1d0977019dc339c36f27d8700c663873f474b7e7e74f9c631dbb0e6688ed22d,E3,NA,NA,NA,NA,NA,72,77,34,0.2266666666666666,6.6042155016347728,NA,NA,NA,NA,NA,NA,NA
1,a,edge,figure1_reproduction/source/records/CROP_EDGES.csv,e1d0977019dc339c36f27d8700c663873f474b7e7e74f9c631dbb0e6688ed22d,E3,NA,NA,NA,NA,NA,72,184,23,0.15333333333333329,7.0346053301631821,NA,NA,NA,NA,NA,NA,NA
1,a,edge,figure1_reproduction/source/records/CROP_EDGES.csv,e1d0977019dc339c36f27d8700c663873f474b7e7e74f9c631dbb0e6688ed22d,E3,NA,NA,NA,NA,NA,72,212,24,0.16,5.0849574457199376,NA,NA,NA,NA,NA,NA,NA
1,a,edge,figure1_reproduction/source/records/CROP_EDGES.csv,e1d0977019dc339c36f27d8700c663873f474b7e7e74f9c631dbb0e6688ed22d,E3,NA,NA,NA,NA,NA,127,129,41,0.27333333333333332,5.7233399425746123,NA,NA,NA,NA,NA,NA,NA
1,a,edge,figure1_reproduction/source/records/CROP_EDGES.csv,e1d0977019dc339c36f27d8700c663873f474b7e7e74f9c631dbb0e6688ed22d,E3,NA,NA,NA,NA,NA,127,210,18,0.12,2.076413536571605,NA,NA,NA,NA,NA,NA,NA
1,a,edge,figure1_reproduction/source/records/CROP_EDGES.csv,e1d0977019dc339c36f27d8700c663873f474b7e7e74f9c631dbb0e6688ed22d,E3,NA,NA,NA,NA,NA,127,240,22,0.14666666666666661,5.1661287049656126,NA,NA,NA,NA,NA,NA,NA
1,a,edge,figure1_reproduction/source/records/CROP_EDGES.csv,e1d0977019dc339c36f27d8700c663873f474b7e7e74f9c631dbb0e6688ed22d,E3,NA,NA,NA,NA,NA,127,257,20,0.1333333333333333,4.2218182094980472,NA,NA,NA,NA,NA,NA,NA
1,a,edge,figure1_reproduction/source/records/CROP_EDGES.csv,e1d0977019dc339c36f27d8700c663873f474b7e7e74f9c631dbb0e6688ed22d,E3,NA,NA,NA,NA,NA,128,129,20,0.1333333333333333,7.4197612536148654,NA,NA,NA,NA,NA,NA,NA
1,a,edge,figure1_reproduction/source/records/CROP_EDGES.csv,e1d0977019dc339c36f27d8700c663873f474b7e7e74f9c631dbb0e6688ed22d,E3,NA,NA,NA,NA,NA,129,165,21,0.14000000000000001,6.3184722455619111,NA,NA,NA,NA,NA,NA,NA
1,a,edge,figure1_reproduction/source/records/CROP_EDGES.csv,e1d0977019dc339c36f27d8700c663873f474b7e7e74f9c631dbb0e6688ed22d,E3,NA,NA,NA,NA,NA,130,133,15,0.10000000000000001,7.6033819759969692,NA,NA,NA,NA,NA,NA,NA
1,a,edge,figure1_reproduction/source/records/CROP_EDGES.csv,e1d0977019dc339c36f27d8700c663873f474b7e7e74f9c631dbb0e6688ed22d,E3,NA,NA,NA,NA,NA,133,137,39,0.26000000000000001,7.5420230383624611,NA,NA,NA,NA,NA,NA,NA
1,a,edge,figure1_reproduction/source/records/CROP_EDGES.csv,e1d0977019dc339c36f27d8700c663873f474b7e7e74f9c631dbb0e6688ed22d,E3,NA,NA,NA,NA,NA,133,165,20,0.1333333333333333,5.6422206901870418,NA,NA,NA,NA,NA,NA,NA
1,a,edge,figure1_reproduction/source/records/CROP_EDGES.csv,e1d0977019dc339c36f27d8700c663873f474b7e7e74f9c631dbb0e6688ed22d,E3,NA,NA,NA,NA,NA,133,216,53,0.35333333333333328,7.7444328035072383,NA,NA,NA,NA,NA,NA,NA
1,a,edge,figure1_reproduction/source/records/CROP_EDGES.csv,e1d0977019dc339c36f27d8700c663873f474b7e7e74f9c631dbb0e6688ed22d,E3,NA,NA,NA,NA,NA,134,138,146,0.97333333333333338,6.2059719515659602,NA,NA,NA,NA,NA,NA,NA
1,a,edge,figure1_reproduction/source/records/CROP_EDGES.csv,e1d0977019dc339c36f27d8700c663873f474b7e7e74f9c631dbb0e6688ed22d,E3,NA,NA,NA,NA,NA,134,216,54,0.35999999999999999,6.8412125667777364,NA,NA,NA,NA,NA,NA,NA
1,a,edge,figure1_reproduction/source/records/CROP_EDGES.csv,e1d0977019dc339c36f27d8700c663873f474b7e7e74f9c631dbb0e6688ed22d,E3,NA,NA,NA,NA,NA,137,141,60,0.40000000000000002,7.0733390824695999,NA,NA,NA,NA,NA,NA,NA
1,a,edge,figure1_reproduction/source/records/CROP_EDGES.csv,e1d0977019dc339c36f27d8700c663873f474b7e7e74f9c631dbb0e6688ed22d,E3,NA,NA,NA,NA,NA,141,184,32,0.21333333333333329,4.5904288332712113,NA,NA,NA,NA,NA,NA,NA
1,a,edge,figure1_reproduction/source/records/CROP_EDGES.csv,e1d0977019dc339c36f27d8700c663873f474b7e7e74f9c631dbb0e6688ed22d,E4,NA,NA,NA,NA,NA,816,838,109,0.72666666666666668,6.7691161114781302,NA,NA,NA,NA,NA,NA,NA
1,a,edge,figure1_reproduction/source/records/CROP_EDGES.csv,e1d0977019dc339c36f27d8700c663873f474b7e7e74f9c631dbb0e6688ed22d,E4,NA,NA,NA,NA,NA,816,1309,37,0.24666666666666659,10.41100053503062,NA,NA,NA,NA,NA,NA,NA
1,a,edge,figure1_reproduction/source/records/CROP_EDGES.csv,e1d0977019dc339c36f27d8700c663873f474b7e7e74f9c631dbb0e6688ed22d,E4,NA,NA,NA,NA,NA,818,843,69,0.46000000000000002,7.080317162035267,NA,NA,NA,NA,NA,NA,NA
1,a,edge,figure1_reproduction/source/records/CROP_EDGES.csv,e1d0977019dc339c36f27d8700c663873f474b7e7e74f9c631dbb0e6688ed22d,E4,NA,NA,NA,NA,NA,818,1693,16,0.1066666666666666,7.2456107593740446,NA,NA,NA,NA,NA,NA,NA
1,a,edge,figure1_reproduction/source/records/CROP_EDGES.csv,e1d0977019dc339c36f27d8700c663873f474b7e7e74f9c631dbb0e6688ed22d,E4,NA,NA,NA,NA,NA,818,1856,65,0.43333333333333329,6.6562803259616192,NA,NA,NA,NA,NA,NA,NA
1,a,edge,figure1_reproduction/source/records/CROP_EDGES.csv,e1d0977019dc339c36f27d8700c663873f474b7e7e74f9c631dbb0e6688ed22d,E4,NA,NA,NA,NA,NA,820,843,18,0.12,8.156059802304755,NA,NA,NA,NA,NA,NA,NA
1,a,edge,figure1_reproduction/source/records/CROP_EDGES.csv,e1d0977019dc339c36f27d8700c663873f474b7e7e74f9c631dbb0e6688ed22d,E4,NA,NA,NA,NA,NA,820,846,24,0.16,6.2474323215892777,NA,NA,NA,NA,NA,NA,NA
1,a,edge,figure1_reproduction/source/records/CROP_EDGES.csv,e1d0977019dc339c36f27d8700c663873f474b7e7e74f9c631dbb0e6688ed22d,E4,NA,NA,NA,NA,NA,820,1386,59,0.39333333333333331,7.5554101554913071,NA,NA,NA,NA,NA,NA,NA
1,a,edge,figure1_reproduction/source/records/CROP_EDGES.csv,e1d0977019dc339c36f27d8700c663873f474b7e7e74f9c631dbb0e6688ed22d,E4,NA,NA,NA,NA,NA,820,2327,21,0.14000000000000001,8.7774991572139403,NA,NA,NA,NA,NA,NA,NA
1,a,edge,figure1_reproduction/source/records/CROP_EDGES.csv,e1d0977019dc339c36f27d8700c663873f474b7e7e74f9c631dbb0e6688ed22d,E4,NA,NA,NA,NA,NA,834,843,82,0.54666666666666663,7.3211537390623231,NA,NA,NA,NA,NA,NA,NA
1,a,edge,figure1_reproduction/source/records/CROP_EDGES.csv,e1d0977019dc339c36f27d8700c663873f474b7e7e74f9c631dbb0e6688ed22d,E4,NA,NA,NA,NA,NA,834,1107,18,0.12,8.1127275647089974,NA,NA,NA,NA,NA,NA,NA
1,a,edge,figure1_reproduction/source/records/CROP_EDGES.csv,e1d0977019dc339c36f27d8700c663873f474b7e7e74f9c631dbb0e6688ed22d,E4,NA,NA,NA,NA,NA,834,1310,73,0.48666666666666669,6.9709539406445113,NA,NA,NA,NA,NA,NA,NA
1,a,edge,figure1_reproduction/source/records/CROP_EDGES.csv,e1d0977019dc339c36f27d8700c663873f474b7e7e74f9c631dbb0e6688ed22d,E4,NA,NA,NA,NA,NA,834,1856,57,0.38,7.7663804451403182,NA,NA,NA,NA,NA,NA,NA
1,a,edge,figure1_reproduction/source/records/CROP_EDGES.csv,e1d0977019dc339c36f27d8700c663873f474b7e7e74f9c631dbb0e6688ed22d,E4,NA,NA,NA,NA,NA,834,2298,39,0.26000000000000001,7.1776356983919767,NA,NA,NA,NA,NA,NA,NA
1,a,edge,figure1_reproduction/source/records/CROP_EDGES.csv,e1d0977019dc339c36f27d8700c663873f474b7e7e74f9c631dbb0e6688ed22d,E4,NA,NA,NA,NA,NA,838,1309,85,0.56666666666666665,3.6438809991006971,NA,NA,NA,NA,NA,NA,NA
1,a,edge,figure1_reproduction/source/records/CROP_EDGES.csv,e1d0977019dc339c36f27d8700c663873f474b7e7e74f9c631dbb0e6688ed22d,E4,NA,NA,NA,NA,NA,849,877,32,0.21333333333333329,7.9248674542971278,NA,NA,NA,NA,NA,NA,NA
1,a,edge,figure1_reproduction/source/records/CROP_EDGES.csv,e1d0977019dc339c36f27d8700c663873f474b7e7e74f9c631dbb0e6688ed22d,E4,NA,NA,NA,NA,NA,849,878,29,0.1933333333333333,5.9847516605879454,NA,NA,NA,NA,NA,NA,NA
1,a,edge,figure1_reproduction/source/records/CROP_EDGES.csv,e1d0977019dc339c36f27d8700c663873f474b7e7e74f9c631dbb0e6688ed22d,E4,NA,NA,NA,NA,NA,850,858,19,0.12666666666666659,5.3443509779442673,NA,NA,NA,NA,NA,NA,NA
1,a,edge,figure1_reproduction/source/records/CROP_EDGES.csv,e1d0977019dc339c36f27d8700c663873f474b7e7e74f9c631dbb0e6688ed22d,E4,NA,NA,NA,NA,NA,850,878,72,0.47999999999999998,7.6957920332798704,NA,NA,NA,NA,NA,NA,NA
1,a,edge,figure1_reproduction/source/records/CROP_EDGES.csv,e1d0977019dc339c36f27d8700c663873f474b7e7e74f9c631dbb0e6688ed22d,E4,NA,NA,NA,NA,NA,850,1310,43,0.28666666666666668,7.5932108720745388,NA,NA,NA,NA,NA,NA,NA
1,a,edge,figure1_reproduction/source/records/CROP_EDGES.csv,e1d0977019dc339c36f27d8700c663873f474b7e7e74f9c631dbb0e6688ed22d,E4,NA,NA,NA,NA,NA,850,1390,34,0.2266666666666666,6.8096222717089514,NA,NA,NA,NA,NA,NA,NA
1,a,edge,figure1_reproduction/source/records/CROP_EDGES.csv,e1d0977019dc339c36f27d8700c663873f474b7e7e74f9c631dbb0e6688ed22d,E4,NA,NA,NA,NA,NA,854,1182,49,0.32666666666666661,6.543903083475139,NA,NA,NA,NA,NA,NA,NA
1,a,edge,figure1_reproduction/source/records/CROP_EDGES.csv,e1d0977019dc339c36f27d8700c663873f474b7e7e74f9c631dbb0e6688ed22d,E4,NA,NA,NA,NA,NA,854,1943,79,0.52666666666666662,6.3119294945008786,NA,NA,NA,NA,NA,NA,NA
1,a,edge,figure1_reproduction/source/records/CROP_EDGES.csv,e1d0977019dc339c36f27d8700c663873f474b7e7e74f9c631dbb0e6688ed22d,E4,NA,NA,NA,NA,NA,857,858,123,0.81999999999999995,6.8850219445193144,NA,NA,NA,NA,NA,NA,NA
1,a,edge,figure1_reproduction/source/records/CROP_EDGES.csv,e1d0977019dc339c36f27d8700c663873f474b7e7e74f9c631dbb0e6688ed22d,E4,NA,NA,NA,NA,NA,857,863,21,0.14000000000000001,7.0105832179656087,NA,NA,NA,NA,NA,NA,NA
1,a,edge,figure1_reproduction/source/records/CROP_EDGES.csv,e1d0977019dc339c36f27d8700c663873f474b7e7e74f9c631dbb0e6688ed22d,E4,NA,NA,NA,NA,NA,857,1182,45,0.29999999999999999,6.874277644236825,NA,NA,NA,NA,NA,NA,NA
1,a,edge,figure1_reproduction/source/records/CROP_EDGES.csv,e1d0977019dc339c36f27d8700c663873f474b7e7e74f9c631dbb0e6688ed22d,E4,NA,NA,NA,NA,NA,857,1943,77,0.51333333333333331,7.2462567510522407,NA,NA,NA,NA,NA,NA,NA
1,a,edge,figure1_reproduction/source/records/CROP_EDGES.csv,e1d0977019dc339c36f27d8700c663873f474b7e7e74f9c631dbb0e6688ed22d,E4,NA,NA,NA,NA,NA,858,1310,24,0.16,6.9143593011280622,NA,NA,NA,NA,NA,NA,NA
1,a,edge,figure1_reproduction/source/records/CROP_EDGES.csv,e1d0977019dc339c36f27d8700c663873f474b7e7e74f9c631dbb0e6688ed22d,E4,NA,NA,NA,NA,NA,863,1106,31,0.20666666666666661,6.0016605815052664,NA,NA,NA,NA,NA,NA,NA
1,a,edge,figure1_reproduction/source/records/CROP_EDGES.csv,e1d0977019dc339c36f27d8700c663873f474b7e7e74f9c631dbb0e6688ed22d,E4,NA,NA,NA,NA,NA,870,1390,77,0.51333333333333331,7.8756015818396978,NA,NA,NA,NA,NA,NA,NA
1,a,edge,figure1_reproduction/source/records/CROP_EDGES.csv,e1d0977019dc339c36f27d8700c663873f474b7e7e74f9c631dbb0e6688ed22d,E4,NA,NA,NA,NA,NA,877,879,48,0.32000000000000001,8.0712568223100476,NA,NA,NA,NA,NA,NA,NA
1,a,edge,figure1_reproduction/source/records/CROP_EDGES.csv,e1d0977019dc339c36f27d8700c663873f474b7e7e74f9c631dbb0e6688ed22d,E4,NA,NA,NA,NA,NA,877,1875,83,0.55333333333333334,6.3478036834094844,NA,NA,NA,NA,NA,NA,NA
1,a,edge,figure1_reproduction/source/records/CROP_EDGES.csv,e1d0977019dc339c36f27d8700c663873f474b7e7e74f9c631dbb0e6688ed22d,E4,NA,NA,NA,NA,NA,878,1875,85,0.56666666666666665,7.8235684131016452,NA,NA,NA,NA,NA,NA,NA
1,a,edge,figure1_reproduction/source/records/CROP_EDGES.csv,e1d0977019dc339c36f27d8700c663873f474b7e7e74f9c631dbb0e6688ed22d,E4,NA,NA,NA,NA,NA,878,2367,21,0.14000000000000001,8.3817028009458188,NA,NA,NA,NA,NA,NA,NA
1,a,edge,figure1_reproduction/source/records/CROP_EDGES.csv,e1d0977019dc339c36f27d8700c663873f474b7e7e74f9c631dbb0e6688ed22d,E4,NA,NA,NA,NA,NA,1106,2313,23,0.15333333333333329,6.7615910763649181,NA,NA,NA,NA,NA,NA,NA
1,a,edge,figure1_reproduction/source/records/CROP_EDGES.csv,e1d0977019dc339c36f27d8700c663873f474b7e7e74f9c631dbb0e6688ed22d,E4,NA,NA,NA,NA,NA,2298,2367,21,0.14000000000000001,8.4502925014420214,NA,NA,NA,NA,NA,NA,NA
1,a,edge,figure1_reproduction/source/records/CROP_EDGES.csv,e1d0977019dc339c36f27d8700c663873f474b7e7e74f9c631dbb0e6688ed22d,E5,NA,NA,NA,NA,NA,864,895,15,0.10000000000000001,6.9732814924744009,NA,NA,NA,NA,NA,NA,NA
1,a,edge,figure1_reproduction/source/records/CROP_EDGES.csv,e1d0977019dc339c36f27d8700c663873f474b7e7e74f9c631dbb0e6688ed22d,E5,NA,NA,NA,NA,NA,867,894,16,0.1066666666666666,7.8024419176975295,NA,NA,NA,NA,NA,NA,NA
1,a,edge,figure1_reproduction/source/records/CROP_EDGES.csv,e1d0977019dc339c36f27d8700c663873f474b7e7e74f9c631dbb0e6688ed22d,E5,NA,NA,NA,NA,NA,867,1130,25,0.1666666666666666,8.3137457900880971,NA,NA,NA,NA,NA,NA,NA
1,a,edge,figure1_reproduction/source/records/CROP_EDGES.csv,e1d0977019dc339c36f27d8700c663873f474b7e7e74f9c631dbb0e6688ed22d,E5,NA,NA,NA,NA,NA,877,895,69,0.46000000000000002,6.6690957083093068,NA,NA,NA,NA,NA,NA,NA
1,a,edge,figure1_reproduction/source/records/CROP_EDGES.csv,e1d0977019dc339c36f27d8700c663873f474b7e7e74f9c631dbb0e6688ed22d,E5,NA,NA,NA,NA,NA,883,887,150,1,6.5849724894036141,NA,NA,NA,NA,NA,NA,NA
1,a,edge,figure1_reproduction/source/records/CROP_EDGES.csv,e1d0977019dc339c36f27d8700c663873f474b7e7e74f9c631dbb0e6688ed22d,E5,NA,NA,NA,NA,NA,883,911,150,1,6.6595700099037733,NA,NA,NA,NA,NA,NA,NA
1,a,edge,figure1_reproduction/source/records/CROP_EDGES.csv,e1d0977019dc339c36f27d8700c663873f474b7e7e74f9c631dbb0e6688ed22d,E5,NA,NA,NA,NA,NA,887,894,150,1,6.7089203337695196,NA,NA,NA,NA,NA,NA,NA
1,a,edge,figure1_reproduction/source/records/CROP_EDGES.csv,e1d0977019dc339c36f27d8700c663873f474b7e7e74f9c631dbb0e6688ed22d,E5,NA,NA,NA,NA,NA,893,1132,17,0.1133333333333333,10.959485903435755,NA,NA,NA,NA,NA,NA,NA
1,a,edge,figure1_reproduction/source/records/CROP_EDGES.csv,e1d0977019dc339c36f27d8700c663873f474b7e7e74f9c631dbb0e6688ed22d,E5,NA,NA,NA,NA,NA,894,1347,96,0.64000000000000001,6.7157846012321718,NA,NA,NA,NA,NA,NA,NA
1,a,edge,figure1_reproduction/source/records/CROP_EDGES.csv,e1d0977019dc339c36f27d8700c663873f474b7e7e74f9c631dbb0e6688ed22d,E5,NA,NA,NA,NA,NA,895,1130,26,0.17333333333333331,8.0297479190484164,NA,NA,NA,NA,NA,NA,NA
1,a,edge,figure1_reproduction/source/records/CROP_EDGES.csv,e1d0977019dc339c36f27d8700c663873f474b7e7e74f9c631dbb0e6688ed22d,E5,NA,NA,NA,NA,NA,895,1133,90,0.59999999999999998,7.7762183689150586,NA,NA,NA,NA,NA,NA,NA
1,a,edge,figure1_reproduction/source/records/CROP_EDGES.csv,e1d0977019dc339c36f27d8700c663873f474b7e7e74f9c631dbb0e6688ed22d,E5,NA,NA,NA,NA,NA,895,1319,63,0.41999999999999998,8.3177631627008211,NA,NA,NA,NA,NA,NA,NA
1,a,edge,figure1_reproduction/source/records/CROP_EDGES.csv,e1d0977019dc339c36f27d8700c663873f474b7e7e74f9c631dbb0e6688ed22d,E5,NA,NA,NA,NA,NA,895,1355,18,0.12,8.9348307074788451,NA,NA,NA,NA,NA,NA,NA
1,a,edge,figure1_reproduction/source/records/CROP_EDGES.csv,e1d0977019dc339c36f27d8700c663873f474b7e7e74f9c631dbb0e6688ed22d,E5,NA,NA,NA,NA,NA,898,908,142,0.94666666666666677,6.572486997289313,NA,NA,NA,NA,NA,NA,NA
1,a,edge,figure1_reproduction/source/records/CROP_EDGES.csv,e1d0977019dc339c36f27d8700c663873f474b7e7e74f9c631dbb0e6688ed22d,E5,NA,NA,NA,NA,NA,898,919,150,1,7.0746582006548282,NA,NA,NA,NA,NA,NA,NA
1,a,edge,figure1_reproduction/source/records/CROP_EDGES.csv,e1d0977019dc339c36f27d8700c663873f474b7e7e74f9c631dbb0e6688ed22d,E5,NA,NA,NA,NA,NA,899,922,140,0.93333333333333324,7.1566846777312394,NA,NA,NA,NA,NA,NA,NA
1,a,edge,figure1_reproduction/source/records/CROP_EDGES.csv,e1d0977019dc339c36f27d8700c663873f474b7e7e74f9c631dbb0e6688ed22d,E5,NA,NA,NA,NA,NA,899,1130,18,0.12,10.976946548570885,NA,NA,NA,NA,NA,NA,NA
1,a,edge,figure1_reproduction/source/records/CROP_EDGES.csv,e1d0977019dc339c36f27d8700c663873f474b7e7e74f9c631dbb0e6688ed22d,E5,NA,NA,NA,NA,NA,899,1133,107,0.71333333333333337,7.1714788530915499,NA,NA,NA,NA,NA,NA,NA
1,a,edge,figure1_reproduction/source/records/CROP_EDGES.csv,e1d0977019dc339c36f27d8700c663873f474b7e7e74f9c631dbb0e6688ed22d,E5,NA,NA,NA,NA,NA,901,921,149,0.99333333333333318,6.6651371923307545,NA,NA,NA,NA,NA,NA,NA
1,a,edge,figure1_reproduction/source/records/CROP_EDGES.csv,e1d0977019dc339c36f27d8700c663873f474b7e7e74f9c631dbb0e6688ed22d,E5,NA,NA,NA,NA,NA,901,1134,27,0.17999999999999999,6.7932407569215387,NA,NA,NA,NA,NA,NA,NA
1,a,edge,figure1_reproduction/source/records/CROP_EDGES.csv,e1d0977019dc339c36f27d8700c663873f474b7e7e74f9c631dbb0e6688ed22d,E5,NA,NA,NA,NA,NA,901,1183,108,0.71999999999999997,8.1805592211442733,NA,NA,NA,NA,NA,NA,NA
1,a,edge,figure1_reproduction/source/records/CROP_EDGES.csv,e1d0977019dc339c36f27d8700c663873f474b7e7e74f9c631dbb0e6688ed22d,E5,NA,NA,NA,NA,NA,902,908,64,0.42666666666666669,5.1760631055778372,NA,NA,NA,NA,NA,NA,NA
1,a,edge,figure1_reproduction/source/records/CROP_EDGES.csv,e1d0977019dc339c36f27d8700c663873f474b7e7e74f9c631dbb0e6688ed22d,E5,NA,NA,NA,NA,NA,911,1134,30,0.20000000000000001,6.8004663475367044,NA,NA,NA,NA,NA,NA,NA
1,a,edge,figure1_reproduction/source/records/CROP_EDGES.csv,e1d0977019dc339c36f27d8700c663873f474b7e7e74f9c631dbb0e6688ed22d,E5,NA,NA,NA,NA,NA,911,1273,17,0.1133333333333333,8.182532172518151,NA,NA,NA,NA,NA,NA,NA
1,a,edge,figure1_reproduction/source/records/CROP_EDGES.csv,e1d0977019dc339c36f27d8700c663873f474b7e7e74f9c631dbb0e6688ed22d,E5,NA,NA,NA,NA,NA,912,916,87,0.57999999999999996,6.7995166327403078,NA,NA,NA,NA,NA,NA,NA
1,a,edge,figure1_reproduction/source/records/CROP_EDGES.csv,e1d0977019dc339c36f27d8700c663873f474b7e7e74f9c631dbb0e6688ed22d,E5,NA,NA,NA,NA,NA,912,936,55,0.36666666666666659,4.7171906453340293,NA,NA,NA,NA,NA,NA,NA
1,a,edge,figure1_reproduction/source/records/CROP_EDGES.csv,e1d0977019dc339c36f27d8700c663873f474b7e7e74f9c631dbb0e6688ed22d,E5,NA,NA,NA,NA,NA,912,939,44,0.29333333333333328,7.5462837945624468,NA,NA,NA,NA,NA,NA,NA
1,a,edge,figure1_reproduction/source/records/CROP_EDGES.csv,e1d0977019dc339c36f27d8700c663873f474b7e7e74f9c631dbb0e6688ed22d,E5,NA,NA,NA,NA,NA,915,938,83,0.55333333333333334,8.8281201488221495,NA,NA,NA,NA,NA,NA,NA
1,a,edge,figure1_reproduction/source/records/CROP_EDGES.csv,e1d0977019dc339c36f27d8700c663873f474b7e7e74f9c631dbb0e6688ed22d,E5,NA,NA,NA,NA,NA,916,922,139,0.92666666666666664,7.3838289986582,NA,NA,NA,NA,NA,NA,NA
1,a,edge,figure1_reproduction/source/records/CROP_EDGES.csv,e1d0977019dc339c36f27d8700c663873f474b7e7e74f9c631dbb0e6688ed22d,E5,NA,NA,NA,NA,NA,916,937,50,0.33333333333333331,6.1893902229067761,NA,NA,NA,NA,NA,NA,NA
1,a,edge,figure1_reproduction/source/records/CROP_EDGES.csv,e1d0977019dc339c36f27d8700c663873f474b7e7e74f9c631dbb0e6688ed22d,E5,NA,NA,NA,NA,NA,919,1183,104,0.69333333333333336,7.4983299972982254,NA,NA,NA,NA,NA,NA,NA
1,a,edge,figure1_reproduction/source/records/CROP_EDGES.csv,e1d0977019dc339c36f27d8700c663873f474b7e7e74f9c631dbb0e6688ed22d,E5,NA,NA,NA,NA,NA,919,1479,31,0.20666666666666661,7.2657745589444751,NA,NA,NA,NA,NA,NA,NA
1,a,edge,figure1_reproduction/source/records/CROP_EDGES.csv,e1d0977019dc339c36f27d8700c663873f474b7e7e74f9c631dbb0e6688ed22d,E5,NA,NA,NA,NA,NA,921,1184,16,0.1066666666666666,8.179737799558378,NA,NA,NA,NA,NA,NA,NA
1,a,edge,figure1_reproduction/source/records/CROP_EDGES.csv,e1d0977019dc339c36f27d8700c663873f474b7e7e74f9c631dbb0e6688ed22d,E5,NA,NA,NA,NA,NA,921,1386,107,0.71333333333333337,6.8657382118592345,NA,NA,NA,NA,NA,NA,NA
1,a,edge,figure1_reproduction/source/records/CROP_EDGES.csv,e1d0977019dc339c36f27d8700c663873f474b7e7e74f9c631dbb0e6688ed22d,E5,NA,NA,NA,NA,NA,934,938,15,0.10000000000000001,10.175794848818249,NA,NA,NA,NA,NA,NA,NA
1,a,edge,figure1_reproduction/source/records/CROP_EDGES.csv,e1d0977019dc339c36f27d8700c663873f474b7e7e74f9c631dbb0e6688ed22d,E5,NA,NA,NA,NA,NA,935,936,69,0.46000000000000002,6.9559710310294056,NA,NA,NA,NA,NA,NA,NA
1,a,edge,figure1_reproduction/source/records/CROP_EDGES.csv,e1d0977019dc339c36f27d8700c663873f474b7e7e74f9c631dbb0e6688ed22d,E5,NA,NA,NA,NA,NA,935,939,69,0.46000000000000002,4.2785582732258201,NA,NA,NA,NA,NA,NA,NA
1,a,edge,figure1_reproduction/source/records/CROP_EDGES.csv,e1d0977019dc339c36f27d8700c663873f474b7e7e74f9c631dbb0e6688ed22d,E5,NA,NA,NA,NA,NA,935,1135,118,0.78666666666666663,6.2307738667526946,NA,NA,NA,NA,NA,NA,NA
1,a,edge,figure1_reproduction/source/records/CROP_EDGES.csv,e1d0977019dc339c36f27d8700c663873f474b7e7e74f9c631dbb0e6688ed22d,E5,NA,NA,NA,NA,NA,936,937,37,0.24666666666666659,5.2868879359774992,NA,NA,NA,NA,NA,NA,NA
1,a,edge,figure1_reproduction/source/records/CROP_EDGES.csv,e1d0977019dc339c36f27d8700c663873f474b7e7e74f9c631dbb0e6688ed22d,E5,NA,NA,NA,NA,NA,936,939,18,0.12,4.5988237453758067,NA,NA,NA,NA,NA,NA,NA
1,a,edge,figure1_reproduction/source/records/CROP_EDGES.csv,e1d0977019dc339c36f27d8700c663873f474b7e7e74f9c631dbb0e6688ed22d,E5,NA,NA,NA,NA,NA,938,940,135,0.90000000000000002,7.0268374822108024,NA,NA,NA,NA,NA,NA,NA
1,a,edge,figure1_reproduction/source/records/CROP_EDGES.csv,e1d0977019dc339c36f27d8700c663873f474b7e7e74f9c631dbb0e6688ed22d,E5,NA,NA,NA,NA,NA,938,1184,20,0.1333333333333333,9.3548486561688353,NA,NA,NA,NA,NA,NA,NA
1,a,edge,figure1_reproduction/source/records/CROP_EDGES.csv,e1d0977019dc339c36f27d8700c663873f474b7e7e74f9c631dbb0e6688ed22d,E5,NA,NA,NA,NA,NA,940,1135,99,0.66000000000000003,7.5514681621505559,NA,NA,NA,NA,NA,NA,NA
1,a,edge,figure1_reproduction/source/records/CROP_EDGES.csv,e1d0977019dc339c36f27d8700c663873f474b7e7e74f9c631dbb0e6688ed22d,E5,NA,NA,NA,NA,NA,940,1479,15,0.10000000000000001,8.0585990162831589,NA,NA,NA,NA,NA,NA,NA
1,a,edge,figure1_reproduction/source/records/CROP_EDGES.csv,e1d0977019dc339c36f27d8700c663873f474b7e7e74f9c631dbb0e6688ed22d,E5,NA,NA,NA,NA,NA,1135,1445,15,0.10000000000000001,7.3540308383026423,NA,NA,NA,NA,NA,NA,NA
1,a,edge,figure1_reproduction/source/records/CROP_EDGES.csv,e1d0977019dc339c36f27d8700c663873f474b7e7e74f9c631dbb0e6688ed22d,E5,NA,NA,NA,NA,NA,1216,1319,16,0.1066666666666666,6.8854846050806948,NA,NA,NA,NA,NA,NA,NA
1,a,edge,figure1_reproduction/source/records/CROP_EDGES.csv,e1d0977019dc339c36f27d8700c663873f474b7e7e74f9c631dbb0e6688ed22d,E5,NA,NA,NA,NA,NA,1347,1417,29,0.1933333333333333,7.9155972702212667,NA,NA,NA,NA,NA,NA,NA
1,b,schematic_node,figure1_reproduction/source/inputs/schematic_layout.json,65364fd4e4cabc096bf8e073ec71a59c9229fdf7f02b2d70be1d17f8e4387cb0,NA,NA,NA,NA,NA,NA,NA,NA,NA,NA,NA,path,0,-135,0,"Endpoint-rooted positive Jacobi path; mathematical control in the final terminology manuscript, Results R1.",NA,NA
1,b,schematic_node,figure1_reproduction/source/inputs/schematic_layout.json,65364fd4e4cabc096bf8e073ec71a59c9229fdf7f02b2d70be1d17f8e4387cb0,NA,NA,NA,NA,NA,NA,NA,NA,NA,NA,NA,path,1,-45,0,"Endpoint-rooted positive Jacobi path; mathematical control in the final terminology manuscript, Results R1.",NA,NA
1,b,schematic_node,figure1_reproduction/source/inputs/schematic_layout.json,65364fd4e4cabc096bf8e073ec71a59c9229fdf7f02b2d70be1d17f8e4387cb0,NA,NA,NA,NA,NA,NA,NA,NA,NA,NA,NA,path,2,45,0,"Endpoint-rooted positive Jacobi path; mathematical control in the final terminology manuscript, Results R1.",NA,NA
1,b,schematic_node,figure1_reproduction/source/inputs/schematic_layout.json,65364fd4e4cabc096bf8e073ec71a59c9229fdf7f02b2d70be1d17f8e4387cb0,NA,NA,NA,NA,NA,NA,NA,NA,NA,NA,NA,path,3,135,0,"Endpoint-rooted positive Jacobi path; mathematical control in the final terminology manuscript, Results R1.",NA,NA
1,b,schematic_edge,figure1_reproduction/source/inputs/schematic_layout.json,65364fd4e4cabc096bf8e073ec71a59c9229fdf7f02b2d70be1d17f8e4387cb0,NA,NA,NA,NA,NA,NA,NA,NA,NA,NA,NA,path,NA,NA,NA,Frozen topology; schematic coordinates; not measured mechanics,0,1
1,b,schematic_edge,figure1_reproduction/source/inputs/schematic_layout.json,65364fd4e4cabc096bf8e073ec71a59c9229fdf7f02b2d70be1d17f8e4387cb0,NA,NA,NA,NA,NA,NA,NA,NA,NA,NA,NA,path,NA,NA,NA,Frozen topology; schematic coordinates; not measured mechanics,1,2
1,b,schematic_edge,figure1_reproduction/source/inputs/schematic_layout.json,65364fd4e4cabc096bf8e073ec71a59c9229fdf7f02b2d70be1d17f8e4387cb0,NA,NA,NA,NA,NA,NA,NA,NA,NA,NA,NA,path,NA,NA,NA,Frozen topology; schematic coordinates; not measured mechanics,2,3
1,b,schematic_node,figure1_reproduction/source/inputs/schematic_layout.json,65364fd4e4cabc096bf8e073ec71a59c9229fdf7f02b2d70be1d17f8e4387cb0,NA,NA,NA,NA,NA,NA,NA,NA,NA,NA,NA,branch,0,-105,0,"Frozen E5 Y motif, original node order [448, 446, 408, 463]. Topology-preserving schematic relayout.",NA,NA
1,b,schematic_node,figure1_reproduction/source/inputs/schematic_layout.json,65364fd4e4cabc096bf8e073ec71a59c9229fdf7f02b2d70be1d17f8e4387cb0,NA,NA,NA,NA,NA,NA,NA,NA,NA,NA,NA,branch,1,-20,0,"Frozen E5 Y motif, original node order [448, 446, 408, 463]. Topology-preserving schematic relayout.",NA,NA
1,b,schematic_node,figure1_reproduction/source/inputs/schematic_layout.json,65364fd4e4cabc096bf8e073ec71a59c9229fdf7f02b2d70be1d17f8e4387cb0,NA,NA,NA,NA,NA,NA,NA,NA,NA,NA,NA,branch,2,85,-46,"Frozen E5 Y motif, original node order [448, 446, 408, 463]. Topology-preserving schematic relayout.",NA,NA
1,b,schematic_node,figure1_reproduction/source/inputs/schematic_layout.json,65364fd4e4cabc096bf8e073ec71a59c9229fdf7f02b2d70be1d17f8e4387cb0,NA,NA,NA,NA,NA,NA,NA,NA,NA,NA,NA,branch,3,85,46,"Frozen E5 Y motif, original node order [448, 446, 408, 463]. Topology-preserving schematic relayout.",NA,NA
1,b,schematic_edge,figure1_reproduction/source/inputs/schematic_layout.json,65364fd4e4cabc096bf8e073ec71a59c9229fdf7f02b2d70be1d17f8e4387cb0,NA,NA,NA,NA,NA,NA,NA,NA,NA,NA,NA,branch,NA,NA,NA,Frozen topology; schematic coordinates; not measured mechanics,0,1
1,b,schematic_edge,figure1_reproduction/source/inputs/schematic_layout.json,65364fd4e4cabc096bf8e073ec71a59c9229fdf7f02b2d70be1d17f8e4387cb0,NA,NA,NA,NA,NA,NA,NA,NA,NA,NA,NA,branch,NA,NA,NA,Frozen topology; schematic coordinates; not measured mechanics,1,2
1,b,schematic_edge,figure1_reproduction/source/inputs/schematic_layout.json,65364fd4e4cabc096bf8e073ec71a59c9229fdf7f02b2d70be1d17f8e4387cb0,NA,NA,NA,NA,NA,NA,NA,NA,NA,NA,NA,branch,NA,NA,NA,Frozen topology; schematic coordinates; not measured mechanics,1,3
1,b,schematic_node,figure1_reproduction/source/inputs/schematic_layout.json,65364fd4e4cabc096bf8e073ec71a59c9229fdf7f02b2d70be1d17f8e4387cb0,NA,NA,NA,NA,NA,NA,NA,NA,NA,NA,NA,unknown,0,-115,0,"Same fixed E3 five-node set [159,49,62,240,127] in structure and recovery. Positions are schematic and identical up to panel translation/scale. Gray dashed all-pair possibilities above do not supply a topology prior; lower solid edges retain the frozen source support.",NA,NA
1,b,schematic_node,figure1_reproduction/source/inputs/schematic_layout.json,65364fd4e4cabc096bf8e073ec71a59c9229fdf7f02b2d70be1d17f8e4387cb0,NA,NA,NA,NA,NA,NA,NA,NA,NA,NA,NA,unknown,1,-40,-50,"Same fixed E3 five-node set [159,49,62,240,127] in structure and recovery. Positions are schematic and identical up to panel translation/scale. Gray dashed all-pair possibilities above do not supply a topology prior; lower solid edges retain the frozen source support.",NA,NA
1,b,schematic_node,figure1_reproduction/source/inputs/schematic_layout.json,65364fd4e4cabc096bf8e073ec71a59c9229fdf7f02b2d70be1d17f8e4387cb0,NA,NA,NA,NA,NA,NA,NA,NA,NA,NA,NA,unknown,2,55,-35,"Same fixed E3 five-node set [159,49,62,240,127] in structure and recovery. Positions are schematic and identical up to panel translation/scale. Gray dashed all-pair possibilities above do not supply a topology prior; lower solid edges retain the frozen source support.",NA,NA
1,b,schematic_node,figure1_reproduction/source/inputs/schematic_layout.json,65364fd4e4cabc096bf8e073ec71a59c9229fdf7f02b2d70be1d17f8e4387cb0,NA,NA,NA,NA,NA,NA,NA,NA,NA,NA,NA,unknown,3,-25,55,"Same fixed E3 five-node set [159,49,62,240,127] in structure and recovery. Positions are schematic and identical up to panel translation/scale. Gray dashed all-pair possibilities above do not supply a topology prior; lower solid edges retain the frozen source support.",NA,NA
1,b,schematic_node,figure1_reproduction/source/inputs/schematic_layout.json,65364fd4e4cabc096bf8e073ec71a59c9229fdf7f02b2d70be1d17f8e4387cb0,NA,NA,NA,NA,NA,NA,NA,NA,NA,NA,NA,unknown,4,95,30,"Same fixed E3 five-node set [159,49,62,240,127] in structure and recovery. Positions are schematic and identical up to panel translation/scale. Gray dashed all-pair possibilities above do not supply a topology prior; lower solid edges retain the frozen source support.",NA,NA
1,b,schematic_edge,figure1_reproduction/source/inputs/schematic_layout.json,65364fd4e4cabc096bf8e073ec71a59c9229fdf7f02b2d70be1d17f8e4387cb0,NA,NA,NA,NA,NA,NA,NA,NA,NA,NA,NA,unknown,NA,NA,NA,Frozen topology; schematic coordinates; not measured mechanics,1,2
1,b,schematic_edge,figure1_reproduction/source/inputs/schematic_layout.json,65364fd4e4cabc096bf8e073ec71a59c9229fdf7f02b2d70be1d17f8e4387cb0,NA,NA,NA,NA,NA,NA,NA,NA,NA,NA,NA,unknown,NA,NA,NA,Frozen topology; schematic coordinates; not measured mechanics,2,4
1,b,schematic_edge,figure1_reproduction/source/inputs/schematic_layout.json,65364fd4e4cabc096bf8e073ec71a59c9229fdf7f02b2d70be1d17f8e4387cb0,NA,NA,NA,NA,NA,NA,NA,NA,NA,NA,NA,unknown,NA,NA,NA,Frozen topology; schematic coordinates; not measured mechanics,0,1
1,b,schematic_edge,figure1_reproduction/source/inputs/schematic_layout.json,65364fd4e4cabc096bf8e073ec71a59c9229fdf7f02b2d70be1d17f8e4387cb0,NA,NA,NA,NA,NA,NA,NA,NA,NA,NA,NA,unknown,NA,NA,NA,Frozen topology; schematic coordinates; not measured mechanics,3,2
1,b,schematic_edge,figure1_reproduction/source/inputs/schematic_layout.json,65364fd4e4cabc096bf8e073ec71a59c9229fdf7f02b2d70be1d17f8e4387cb0,NA,NA,NA,NA,NA,NA,NA,NA,NA,NA,NA,unknown,NA,NA,NA,Frozen topology; schematic coordinates; not measured mechanics,3,4
1,b,candidate_edge,figure1_reproduction/source/inputs/schematic_layout.json,65364fd4e4cabc096bf8e073ec71a59c9229fdf7f02b2d70be1d17f8e4387cb0,NA,NA,NA,NA,NA,NA,NA,NA,NA,NA,NA,unknown,NA,NA,NA,NA,0,1
1,b,candidate_edge,figure1_reproduction/source/inputs/schematic_layout.json,65364fd4e4cabc096bf8e073ec71a59c9229fdf7f02b2d70be1d17f8e4387cb0,NA,NA,NA,NA,NA,NA,NA,NA,NA,NA,NA,unknown,NA,NA,NA,NA,0,2
1,b,candidate_edge,figure1_reproduction/source/inputs/schematic_layout.json,65364fd4e4cabc096bf8e073ec71a59c9229fdf7f02b2d70be1d17f8e4387cb0,NA,NA,NA,NA,NA,NA,NA,NA,NA,NA,NA,unknown,NA,NA,NA,NA,0,3
1,b,candidate_edge,figure1_reproduction/source/inputs/schematic_layout.json,65364fd4e4cabc096bf8e073ec71a59c9229fdf7f02b2d70be1d17f8e4387cb0,NA,NA,NA,NA,NA,NA,NA,NA,NA,NA,NA,unknown,NA,NA,NA,NA,0,4
1,b,candidate_edge,figure1_reproduction/source/inputs/schematic_layout.json,65364fd4e4cabc096bf8e073ec71a59c9229fdf7f02b2d70be1d17f8e4387cb0,NA,NA,NA,NA,NA,NA,NA,NA,NA,NA,NA,unknown,NA,NA,NA,NA,1,2
1,b,candidate_edge,figure1_reproduction/source/inputs/schematic_layout.json,65364fd4e4cabc096bf8e073ec71a59c9229fdf7f02b2d70be1d17f8e4387cb0,NA,NA,NA,NA,NA,NA,NA,NA,NA,NA,NA,unknown,NA,NA,NA,NA,1,3
1,b,candidate_edge,figure1_reproduction/source/inputs/schematic_layout.json,65364fd4e4cabc096bf8e073ec71a59c9229fdf7f02b2d70be1d17f8e4387cb0,NA,NA,NA,NA,NA,NA,NA,NA,NA,NA,NA,unknown,NA,NA,NA,NA,1,4
1,b,candidate_edge,figure1_reproduction/source/inputs/schematic_layout.json,65364fd4e4cabc096bf8e073ec71a59c9229fdf7f02b2d70be1d17f8e4387cb0,NA,NA,NA,NA,NA,NA,NA,NA,NA,NA,NA,unknown,NA,NA,NA,NA,2,3
1,b,candidate_edge,figure1_reproduction/source/inputs/schematic_layout.json,65364fd4e4cabc096bf8e073ec71a59c9229fdf7f02b2d70be1d17f8e4387cb0,NA,NA,NA,NA,NA,NA,NA,NA,NA,NA,NA,unknown,NA,NA,NA,NA,2,4
1,b,candidate_edge,figure1_reproduction/source/inputs/schematic_layout.json,65364fd4e4cabc096bf8e073ec71a59c9229fdf7f02b2d70be1d17f8e4387cb0,NA,NA,NA,NA,NA,NA,NA,NA,NA,NA,NA,unknown,NA,NA,NA,NA,3,4
