figure,panel,source_path,source_sha256,source_records,record_types
1,a,figure1_reproduction/source/records/CROP_EDGES.csv,e1d0977019dc339c36f27d8700c663873f474b7e7e74f9c631dbb0e6688ed22d,112,edge
1,a,figure1_reproduction/source/records/CROP_NODES.csv,1077d88bed14abb25002bc483fe51a6078a1c37a465497023729ac87cc5bf915,105,node
1,b,figure1_reproduction/source/inputs/schematic_layout.json,65364fd4e4cabc096bf8e073ec71a59c9229fdf7f02b2d70be1d17f8e4387cb0,34,candidate_edge;schematic_edge;schematic_node
2,b,code/run_k8_morphology_validation.py,babd751a7e52245e96791a51c9b203186b69fd6dcf491ae37c1f5375af4e9b64,24,forward
2,c,code/run_k8_morphology_validation.py,babd751a7e52245e96791a51c9b203186b69fd6dcf491ae37c1f5375af4e9b64,8,forward
2,a/c,code/run_k8_morphology_validation.py,babd751a7e52245e96791a51c9b203186b69fd6dcf491ae37c1f5375af4e9b64,72,model
2,a,results/k8_motif_selection_freeze.json,512874832f78cbfcf6cb6511b7fc221b394d24be3da7f8e101f5a0081f93bc7b,7,edge;node
2,b/c,results/k8_exact_checks.json,1698ec068c6a111e0d8b3f317922bbd3af042d80b53c3bf575c394763371fa97,4,exact_record
2,d,results/k8_exact_checks.json,1698ec068c6a111e0d8b3f317922bbd3af042d80b53c3bf575c394763371fa97,4,exact_record
2,e,results/k8_morphology_sensitivity_replicates.csv,754dedfd431b128130f329fa6ab2e7b48359e5a79faf9aab3f1fd4d6cb05de9f,273,raw;summary
3,b,code/run_practical_k9_validation.py,a17cf262ba8fc458cf1b285c5dfe2f5a0a009008333f289698eb5146b84adb21,115,design;query_schedule
3,a,results/public_subgraph_selection.json,2e1a6f8145eefff23a6c1dce37c76306f86fd9d4b485ac5dddaf1742f74ade9f,20,candidate_edge;held_out_truth_edge;node
3,c,results/k9_practical_replicates.csv,d24c65b6f7fc8473eaeb70bc016389b14e71df683f57a6be41dd58fef9437361,100,raw;summary
3,d,results/k9_practical_replicates.csv,d24c65b6f7fc8473eaeb70bc016389b14e71df683f57a6be41dd58fef9437361,375,raw;summary
3,e,results/k9_support_cutoff_replicates.csv,841cf9af54792f20a6208e689a61912e362ff1bd3c7ef926c85821277f6829dd,250,raw;summary
4,a,results/k9_practical_replicates.csv,d24c65b6f7fc8473eaeb70bc016389b14e71df683f57a6be41dd58fef9437361,250,raw;summary
4,b,results/k9_practical_replicates.csv,d24c65b6f7fc8473eaeb70bc016389b14e71df683f57a6be41dd58fef9437361,250,raw;summary
4,c,results/k9_mechanics_sensitivity.csv,6baea83cab61f4c6ca3666d05714b4cfc359b0dcf6a1cd3f322ab791a77042b5,666,raw;summary
4,d,results/k9_intervention_imperfections.csv,41836e7d1012e5958461e59ae64bd8b18dc9f599b593f006cbaae7e073af54bb,120,raw;summary
