method,family,n,condition_number,relative_noise_scale,replicate,exact_relative_error,exact_inverse_status,constrained_fit_relative_error,constrained_fit_status,constrained_optimizer_success,fit_normalized_residual,fit_function_evaluations,query_count,status,failure_detail,replicate_interpretation
K8,moderate_condition,6,11.1743967555,0,0,2.65113156839e-08,exact_inverse_recovered,8.56550086878e-13,constrained_path_fit,True,5.13410653366e-14,61,36,trial_complete,,numerical noise draw; not a biological sample
K8,moderate_condition,6,11.1743967555,0,1,2.65113156839e-08,exact_inverse_recovered,8.56550086878e-13,constrained_path_fit,True,5.13410653366e-14,61,36,trial_complete,,numerical noise draw; not a biological sample
K8,moderate_condition,6,11.1743967555,0,2,2.65113156839e-08,exact_inverse_recovered,8.56550086878e-13,constrained_path_fit,True,5.13410653366e-14,61,36,trial_complete,,numerical noise draw; not a biological sample
K8,moderate_condition,6,11.1743967555,0,3,2.65113156839e-08,exact_inverse_recovered,8.56550086878e-13,constrained_path_fit,True,5.13410653366e-14,61,36,trial_complete,,numerical noise draw; not a biological sample
K8,moderate_condition,6,11.1743967555,0,4,2.65113156839e-08,exact_inverse_recovered,8.56550086878e-13,constrained_path_fit,True,5.13410653366e-14,61,36,trial_complete,,numerical noise draw; not a biological sample
K8,moderate_condition,6,11.1743967555,0,5,2.65113156839e-08,exact_inverse_recovered,8.56550086878e-13,constrained_path_fit,True,5.13410653366e-14,61,36,trial_complete,,numerical noise draw; not a biological sample
K8,moderate_condition,6,11.1743967555,0,6,2.65113156839e-08,exact_inverse_recovered,8.56550086878e-13,constrained_path_fit,True,5.13410653366e-14,61,36,trial_complete,,numerical noise draw; not a biological sample
K8,moderate_condition,6,11.1743967555,0,7,2.65113156839e-08,exact_inverse_recovered,8.56550086878e-13,constrained_path_fit,True,5.13410653366e-14,61,36,trial_complete,,numerical noise draw; not a biological sample
K8,moderate_condition,6,11.1743967555,0,8,2.65113156839e-08,exact_inverse_recovered,8.56550086878e-13,constrained_path_fit,True,5.13410653366e-14,61,36,trial_complete,,numerical noise draw; not a biological sample
K8,moderate_condition,6,11.1743967555,0,9,2.65113156839e-08,exact_inverse_recovered,8.56550086878e-13,constrained_path_fit,True,5.13410653366e-14,61,36,trial_complete,,numerical noise draw; not a biological sample
K8,moderate_condition,6,11.1743967555,1e-10,0,0.00178042527172,exact_inverse_recovered,6.88481032642e-07,constrained_path_fit,True,4.38603319521e-08,123,36,trial_complete,,numerical noise draw; not a biological sample
K8,moderate_condition,6,11.1743967555,1e-10,1,0.000145166079941,exact_inverse_recovered,6.81084225408e-07,constrained_path_fit,True,3.52973551091e-08,63,36,trial_complete,,numerical noise draw; not a biological sample
K8,moderate_condition,6,11.1743967555,1e-10,2,0.00524581195875,exact_inverse_recovered,7.14396993179e-07,constrained_path_fit,True,3.29892783201e-08,63,36,trial_complete,,numerical noise draw; not a biological sample
K8,moderate_condition,6,11.1743967555,1e-10,3,0.00676001360214,exact_inverse_recovered,5.74266741585e-07,constrained_path_fit,True,3.32855809156e-08,123,36,trial_complete,,numerical noise draw; not a biological sample
K8,moderate_condition,6,11.1743967555,1e-10,4,0.00334343082265,exact_inverse_recovered,1.08310762527e-06,constrained_path_fit,True,3.99401707722e-08,68,36,trial_complete,,numerical noise draw; not a biological sample
K8,moderate_condition,6,11.1743967555,1e-10,5,0.00574882565591,exact_inverse_recovered,8.97728709495e-07,constrained_path_fit,True,4.0805957195e-08,126,36,trial_complete,,numerical noise draw; not a biological sample
K8,moderate_condition,6,11.1743967555,1e-10,6,0.00210595827536,exact_inverse_recovered,2.65801195092e-07,constrained_path_fit,True,2.8343587289e-08,65,36,trial_complete,,numerical noise draw; not a biological sample
K8,moderate_condition,6,11.1743967555,1e-10,7,0.00568689759543,exact_inverse_recovered,2.72335464676e-07,constrained_path_fit,True,4.17596906517e-08,118,36,trial_complete,,numerical noise draw; not a biological sample
K8,moderate_condition,6,11.1743967555,1e-10,8,0.00226833870369,exact_inverse_recovered,1.29077685782e-06,constrained_path_fit,True,3.97274091999e-08,69,36,trial_complete,,numerical noise draw; not a biological sample
K8,moderate_condition,6,11.1743967555,1e-10,9,0.000251838933469,exact_inverse_recovered,1.31861397555e-06,constrained_path_fit,True,3.50185961049e-08,67,36,trial_complete,,numerical noise draw; not a biological sample
K8,moderate_condition,6,11.1743967555,1e-08,0,,PrecisionFailure,5.40712690958e-05,constrained_path_fit,True,2.99636977846e-06,126,36,trial_complete,,numerical noise draw; not a biological sample
K8,moderate_condition,6,11.1743967555,1e-08,1,,PrecisionFailure,8.98332198397e-05,constrained_path_fit,True,3.13538463731e-06,129,36,trial_complete,,numerical noise draw; not a biological sample
K8,moderate_condition,6,11.1743967555,1e-08,2,,PrecisionFailure,5.2224255515e-05,constrained_path_fit,True,4.26218802076e-06,73,36,trial_complete,,numerical noise draw; not a biological sample
K8,moderate_condition,6,11.1743967555,1e-08,3,,PrecisionFailure,3.06636486548e-05,constrained_path_fit,True,2.95705695473e-06,66,36,trial_complete,,numerical noise draw; not a biological sample
K8,moderate_condition,6,11.1743967555,1e-08,4,,PrecisionFailure,3.97281199212e-05,constrained_path_fit,True,4.11383534866e-06,126,36,trial_complete,,numerical noise draw; not a biological sample
K8,moderate_condition,6,11.1743967555,1e-08,5,,PrecisionFailure,7.03836030095e-05,constrained_path_fit,True,3.40595358223e-06,69,36,trial_complete,,numerical noise draw; not a biological sample
K8,moderate_condition,6,11.1743967555,1e-08,6,,PrecisionFailure,4.27480144566e-06,constrained_path_fit,True,3.93313405405e-06,71,36,trial_complete,,numerical noise draw; not a biological sample
K8,moderate_condition,6,11.1743967555,1e-08,7,,PrecisionFailure,2.11947902889e-05,constrained_path_fit,True,3.81652211893e-06,130,36,trial_complete,,numerical noise draw; not a biological sample
K8,moderate_condition,6,11.1743967555,1e-08,8,,PrecisionFailure,2.77421546178e-05,constrained_path_fit,True,3.44737119455e-06,64,36,trial_complete,,numerical noise draw; not a biological sample
K8,moderate_condition,6,11.1743967555,1e-08,9,,PrecisionFailure,3.25708855157e-05,constrained_path_fit,True,3.63968247119e-06,65,36,trial_complete,,numerical noise draw; not a biological sample
K8,moderate_condition,6,11.1743967555,1e-06,0,,InconsistentObservation,0.0131879937626,constrained_path_fit,True,0.000455282861861,71,36,trial_complete,,numerical noise draw; not a biological sample
K8,moderate_condition,6,11.1743967555,1e-06,1,,PrecisionFailure,0.0105492197621,constrained_path_fit,True,0.000232844336092,131,36,trial_complete,,numerical noise draw; not a biological sample
K8,moderate_condition,6,11.1743967555,1e-06,2,,PrecisionFailure,0.014819328864,constrained_path_fit,True,0.000234420162772,73,36,trial_complete,,numerical noise draw; not a biological sample
K8,moderate_condition,6,11.1743967555,1e-06,3,,PrecisionFailure,0.00311009318731,constrained_path_fit,True,0.000436569964475,130,36,trial_complete,,numerical noise draw; not a biological sample
K8,moderate_condition,6,11.1743967555,1e-06,4,,PrecisionFailure,0.00154802254431,constrained_path_fit,True,0.000318917326026,127,36,trial_complete,,numerical noise draw; not a biological sample
K8,moderate_condition,6,11.1743967555,1e-06,5,,PrecisionFailure,0.00141307108566,constrained_path_fit,True,0.000368107225571,69,36,trial_complete,,numerical noise draw; not a biological sample
K8,moderate_condition,6,11.1743967555,1e-06,6,,PrecisionFailure,0.0030669580408,constrained_path_fit,True,0.000452197332813,131,36,trial_complete,,numerical noise draw; not a biological sample
K8,moderate_condition,6,11.1743967555,1e-06,7,,PrecisionFailure,0.00530216555879,constrained_path_fit,True,0.000360170444179,76,36,trial_complete,,numerical noise draw; not a biological sample
K8,moderate_condition,6,11.1743967555,1e-06,8,,InconsistentObservation,0.0160804366882,constrained_path_fit,True,0.00041895997833,72,36,trial_complete,,numerical noise draw; not a biological sample
K8,moderate_condition,6,11.1743967555,1e-06,9,,InconsistentObservation,0.00971290162821,constrained_path_fit,True,0.000277758219957,69,36,trial_complete,,numerical noise draw; not a biological sample
K9,moderate_condition,6,11.1743967555,0,0,8.93827327546e-11,exact_inverse_recovered,1.11207770124e-10,constrained_path_fit,True,3.11003510064e-15,34,27,trial_complete,,numerical noise draw; not a biological sample
K9,moderate_condition,6,11.1743967555,0,1,8.93827327546e-11,exact_inverse_recovered,1.11207770124e-10,constrained_path_fit,True,3.11003510064e-15,34,27,trial_complete,,numerical noise draw; not a biological sample
K9,moderate_condition,6,11.1743967555,0,2,8.93827327546e-11,exact_inverse_recovered,1.11207770124e-10,constrained_path_fit,True,3.11003510064e-15,34,27,trial_complete,,numerical noise draw; not a biological sample
K9,moderate_condition,6,11.1743967555,0,3,8.93827327546e-11,exact_inverse_recovered,1.11207770124e-10,constrained_path_fit,True,3.11003510064e-15,34,27,trial_complete,,numerical noise draw; not a biological sample
K9,moderate_condition,6,11.1743967555,0,4,8.93827327546e-11,exact_inverse_recovered,1.11207770124e-10,constrained_path_fit,True,3.11003510064e-15,34,27,trial_complete,,numerical noise draw; not a biological sample
K9,moderate_condition,6,11.1743967555,0,5,8.93827327546e-11,exact_inverse_recovered,1.11207770124e-10,constrained_path_fit,True,3.11003510064e-15,34,27,trial_complete,,numerical noise draw; not a biological sample
K9,moderate_condition,6,11.1743967555,0,6,8.93827327546e-11,exact_inverse_recovered,1.11207770124e-10,constrained_path_fit,True,3.11003510064e-15,34,27,trial_complete,,numerical noise draw; not a biological sample
K9,moderate_condition,6,11.1743967555,0,7,8.93827327546e-11,exact_inverse_recovered,1.11207770124e-10,constrained_path_fit,True,3.11003510064e-15,34,27,trial_complete,,numerical noise draw; not a biological sample
K9,moderate_condition,6,11.1743967555,0,8,8.93827327546e-11,exact_inverse_recovered,1.11207770124e-10,constrained_path_fit,True,3.11003510064e-15,34,27,trial_complete,,numerical noise draw; not a biological sample
K9,moderate_condition,6,11.1743967555,0,9,8.93827327546e-11,exact_inverse_recovered,1.11207770124e-10,constrained_path_fit,True,3.11003510064e-15,34,27,trial_complete,,numerical noise draw; not a biological sample
K9,moderate_condition,6,11.1743967555,1e-10,0,,PrecisionFailure,5.39940237768e-05,constrained_path_fit,True,2.07020829959e-09,34,21,trial_complete,,numerical noise draw; not a biological sample
K9,moderate_condition,6,11.1743967555,1e-10,1,,PrecisionFailure,4.29907330079e-05,constrained_path_fit,True,1.75895017105e-09,34,21,trial_complete,,numerical noise draw; not a biological sample
K9,moderate_condition,6,11.1743967555,1e-10,2,,PrecisionFailure,9.27315556412e-05,constrained_path_fit,True,1.81926272147e-09,34,21,trial_complete,,numerical noise draw; not a biological sample
K9,moderate_condition,6,11.1743967555,1e-10,3,,PrecisionFailure,9.75336163173e-05,constrained_path_fit,True,1.7544903966e-09,34,21,trial_complete,,numerical noise draw; not a biological sample
K9,moderate_condition,6,11.1743967555,1e-10,4,,PrecisionFailure,0.000131952854518,constrained_path_fit,True,2.15322016999e-09,34,21,trial_complete,,numerical noise draw; not a biological sample
K9,moderate_condition,6,11.1743967555,1e-10,5,,PrecisionFailure,0.00015273841431,constrained_path_fit,True,2.00258376927e-09,34,21,trial_complete,,numerical noise draw; not a biological sample
K9,moderate_condition,6,11.1743967555,1e-10,6,,PrecisionFailure,9.96204744226e-06,constrained_path_fit,True,2.0221812409e-09,34,21,trial_complete,,numerical noise draw; not a biological sample
K9,moderate_condition,6,11.1743967555,1e-10,7,,PrecisionFailure,8.97384215913e-05,constrained_path_fit,True,2.10639484179e-09,34,21,trial_complete,,numerical noise draw; not a biological sample
K9,moderate_condition,6,11.1743967555,1e-10,8,,PrecisionFailure,0.00015240467421,constrained_path_fit,True,1.61288946269e-09,36,21,trial_complete,,numerical noise draw; not a biological sample
K9,moderate_condition,6,11.1743967555,1e-10,9,,PrecisionFailure,1.04233423601e-05,constrained_path_fit,True,2.00443798733e-09,34,21,trial_complete,,numerical noise draw; not a biological sample
K9,moderate_condition,6,11.1743967555,1e-08,0,,PrecisionFailure,0.00274971553822,constrained_path_fit,True,2.54026606011e-07,35,21,trial_complete,,numerical noise draw; not a biological sample
K9,moderate_condition,6,11.1743967555,1e-08,1,,PrecisionFailure,0.00890888433927,constrained_path_fit,True,1.80097456535e-07,34,21,trial_complete,,numerical noise draw; not a biological sample
K9,moderate_condition,6,11.1743967555,1e-08,2,,PrecisionFailure,0.00311794857677,constrained_path_fit,True,2.62442175844e-07,32,21,trial_complete,,numerical noise draw; not a biological sample
K9,moderate_condition,6,11.1743967555,1e-08,3,,PrecisionFailure,0.00287634812961,constrained_path_fit,True,2.30855023548e-07,35,21,trial_complete,,numerical noise draw; not a biological sample
K9,moderate_condition,6,11.1743967555,1e-08,4,,PrecisionFailure,0.00470978522562,constrained_path_fit,True,2.25376107121e-07,40,21,trial_complete,,numerical noise draw; not a biological sample
K9,moderate_condition,6,11.1743967555,1e-08,5,,PrecisionFailure,0.00762046974652,constrained_path_fit,True,2.27755472156e-07,34,21,trial_complete,,numerical noise draw; not a biological sample
K9,moderate_condition,6,11.1743967555,1e-08,6,,PrecisionFailure,0.00869684931645,constrained_path_fit,True,2.51461121453e-07,35,21,trial_complete,,numerical noise draw; not a biological sample
K9,moderate_condition,6,11.1743967555,1e-08,7,,PrecisionFailure,0.00104365873268,constrained_path_fit,True,1.8038764712e-07,41,21,trial_complete,,numerical noise draw; not a biological sample
K9,moderate_condition,6,11.1743967555,1e-08,8,,PrecisionFailure,0.00777777074418,constrained_path_fit,True,1.82671798773e-07,34,21,trial_complete,,numerical noise draw; not a biological sample
K9,moderate_condition,6,11.1743967555,1e-08,9,,PrecisionFailure,0.00314231176707,constrained_path_fit,True,1.8695121604e-07,34,15,trial_complete,,numerical noise draw; not a biological sample
K9,moderate_condition,6,11.1743967555,1e-06,0,,PrecisionFailure,5.16093375254,constrained_path_fit,True,3.11899661362e-05,44,14,trial_complete,,numerical noise draw; not a biological sample
K9,moderate_condition,6,11.1743967555,1e-06,1,,PrecisionFailure,0.224004618848,constrained_path_fit,True,2.04454308185e-05,34,14,trial_complete,,numerical noise draw; not a biological sample
K9,moderate_condition,6,11.1743967555,1e-06,2,,PrecisionFailure,5.15918070114,constrained_path_fit,True,2.39154700294e-05,39,15,trial_complete,,numerical noise draw; not a biological sample
K9,moderate_condition,6,11.1743967555,1e-06,3,,PrecisionFailure,0.173630806963,constrained_path_fit,True,2.15051968938e-05,35,14,trial_complete,,numerical noise draw; not a biological sample
K9,moderate_condition,6,11.1743967555,1e-06,4,,PrecisionFailure,0.300874502882,constrained_path_fit,True,1.5668163411e-05,36,14,trial_complete,,numerical noise draw; not a biological sample
K9,moderate_condition,6,11.1743967555,1e-06,5,,PrecisionFailure,0.538906701819,constrained_path_fit,True,2.21012635687e-05,35,14,trial_complete,,numerical noise draw; not a biological sample
K9,moderate_condition,6,11.1743967555,1e-06,6,,PrecisionFailure,0.0721837481237,constrained_path_fit,True,2.51014782078e-05,37,14,trial_complete,,numerical noise draw; not a biological sample
K9,moderate_condition,6,11.1743967555,1e-06,7,,PrecisionFailure,5.15916622353,constrained_path_fit,True,1.66726932123e-05,37,14,trial_complete,,numerical noise draw; not a biological sample
K9,moderate_condition,6,11.1743967555,1e-06,8,,PrecisionFailure,0.289547809637,constrained_path_fit,True,2.57447196843e-05,32,14,trial_complete,,numerical noise draw; not a biological sample
K9,moderate_condition,6,11.1743967555,1e-06,9,,PrecisionFailure,0.290023712776,constrained_path_fit,True,1.80834121819e-05,51,14,trial_complete,,numerical noise draw; not a biological sample
K8,near_ill_conditioned,6,207.866001609,0,0,5.41294807342e-09,exact_inverse_recovered,5.84162043328e-14,constrained_path_fit,True,2.77504466633e-14,40,36,trial_complete,,numerical noise draw; not a biological sample
K8,near_ill_conditioned,6,207.866001609,0,1,5.41294807342e-09,exact_inverse_recovered,5.84162043328e-14,constrained_path_fit,True,2.77504466633e-14,40,36,trial_complete,,numerical noise draw; not a biological sample
K8,near_ill_conditioned,6,207.866001609,0,2,5.41294807342e-09,exact_inverse_recovered,5.84162043328e-14,constrained_path_fit,True,2.77504466633e-14,40,36,trial_complete,,numerical noise draw; not a biological sample
K8,near_ill_conditioned,6,207.866001609,0,3,5.41294807342e-09,exact_inverse_recovered,5.84162043328e-14,constrained_path_fit,True,2.77504466633e-14,40,36,trial_complete,,numerical noise draw; not a biological sample
K8,near_ill_conditioned,6,207.866001609,0,4,5.41294807342e-09,exact_inverse_recovered,5.84162043328e-14,constrained_path_fit,True,2.77504466633e-14,40,36,trial_complete,,numerical noise draw; not a biological sample
K8,near_ill_conditioned,6,207.866001609,0,5,5.41294807342e-09,exact_inverse_recovered,5.84162043328e-14,constrained_path_fit,True,2.77504466633e-14,40,36,trial_complete,,numerical noise draw; not a biological sample
K8,near_ill_conditioned,6,207.866001609,0,6,5.41294807342e-09,exact_inverse_recovered,5.84162043328e-14,constrained_path_fit,True,2.77504466633e-14,40,36,trial_complete,,numerical noise draw; not a biological sample
K8,near_ill_conditioned,6,207.866001609,0,7,5.41294807342e-09,exact_inverse_recovered,5.84162043328e-14,constrained_path_fit,True,2.77504466633e-14,40,36,trial_complete,,numerical noise draw; not a biological sample
K8,near_ill_conditioned,6,207.866001609,0,8,5.41294807342e-09,exact_inverse_recovered,5.84162043328e-14,constrained_path_fit,True,2.77504466633e-14,40,36,trial_complete,,numerical noise draw; not a biological sample
K8,near_ill_conditioned,6,207.866001609,0,9,5.41294807342e-09,exact_inverse_recovered,5.84162043328e-14,constrained_path_fit,True,2.77504466633e-14,40,36,trial_complete,,numerical noise draw; not a biological sample
K8,near_ill_conditioned,6,207.866001609,1e-10,0,,PrecisionFailure,1.64492023218e-08,constrained_path_fit,True,2.16522984094e-08,42,36,trial_complete,,numerical noise draw; not a biological sample
K8,near_ill_conditioned,6,207.866001609,1e-10,1,,PrecisionFailure,6.14947551899e-08,constrained_path_fit,True,9.54016410002e-09,41,36,trial_complete,,numerical noise draw; not a biological sample
K8,near_ill_conditioned,6,207.866001609,1e-10,2,4.55470281191e-05,exact_inverse_recovered,5.85181890615e-08,constrained_path_fit,True,1.08196557109e-08,42,36,trial_complete,,numerical noise draw; not a biological sample
K8,near_ill_conditioned,6,207.866001609,1e-10,3,,PrecisionFailure,8.75034627899e-09,constrained_path_fit,True,1.82486101598e-08,41,36,trial_complete,,numerical noise draw; not a biological sample
K8,near_ill_conditioned,6,207.866001609,1e-10,4,,PrecisionFailure,2.27825049184e-08,constrained_path_fit,True,1.32415739071e-08,42,36,trial_complete,,numerical noise draw; not a biological sample
K8,near_ill_conditioned,6,207.866001609,1e-10,5,,PrecisionFailure,3.77283115518e-09,constrained_path_fit,True,1.54529646064e-08,42,36,trial_complete,,numerical noise draw; not a biological sample
K8,near_ill_conditioned,6,207.866001609,1e-10,6,,PrecisionFailure,2.87651263399e-08,constrained_path_fit,True,1.89194766323e-08,39,36,trial_complete,,numerical noise draw; not a biological sample
K8,near_ill_conditioned,6,207.866001609,1e-10,7,,PrecisionFailure,4.75094957259e-08,constrained_path_fit,True,1.51233980031e-08,42,36,trial_complete,,numerical noise draw; not a biological sample
K8,near_ill_conditioned,6,207.866001609,1e-10,8,,PrecisionFailure,4.76953928712e-08,constrained_path_fit,True,1.86259590626e-08,44,36,trial_complete,,numerical noise draw; not a biological sample
K8,near_ill_conditioned,6,207.866001609,1e-10,9,,PrecisionFailure,2.72332992073e-08,constrained_path_fit,True,1.21597936739e-08,42,36,trial_complete,,numerical noise draw; not a biological sample
K8,near_ill_conditioned,6,207.866001609,1e-08,0,,PrecisionFailure,1.22570520264e-06,constrained_path_fit,True,1.64440581313e-06,48,36,trial_complete,,numerical noise draw; not a biological sample
K8,near_ill_conditioned,6,207.866001609,1e-08,1,,PrecisionFailure,1.8315364698e-06,constrained_path_fit,True,1.65384819838e-06,48,36,trial_complete,,numerical noise draw; not a biological sample
K8,near_ill_conditioned,6,207.866001609,1e-08,2,,PrecisionFailure,4.85100118348e-06,constrained_path_fit,True,1.64348124695e-06,44,36,trial_complete,,numerical noise draw; not a biological sample
K8,near_ill_conditioned,6,207.866001609,1e-08,3,,PrecisionFailure,2.03219635841e-06,constrained_path_fit,True,1.05178118355e-06,46,36,trial_complete,,numerical noise draw; not a biological sample
K8,near_ill_conditioned,6,207.866001609,1e-08,4,,PrecisionFailure,4.34465995938e-06,constrained_path_fit,True,1.42595004348e-06,44,36,trial_complete,,numerical noise draw; not a biological sample
K8,near_ill_conditioned,6,207.866001609,1e-08,5,,PrecisionFailure,7.27608122649e-06,constrained_path_fit,True,1.23087901931e-06,47,36,trial_complete,,numerical noise draw; not a biological sample
K8,near_ill_conditioned,6,207.866001609,1e-08,6,,PrecisionFailure,2.02334974241e-06,constrained_path_fit,True,1.1684250992e-06,46,36,trial_complete,,numerical noise draw; not a biological sample
K8,near_ill_conditioned,6,207.866001609,1e-08,7,,PrecisionFailure,3.50209348002e-06,constrained_path_fit,True,2.14291592075e-06,45,36,trial_complete,,numerical noise draw; not a biological sample
K8,near_ill_conditioned,6,207.866001609,1e-08,8,,PrecisionFailure,1.78532196646e-06,constrained_path_fit,True,1.42370457901e-06,44,36,trial_complete,,numerical noise draw; not a biological sample
K8,near_ill_conditioned,6,207.866001609,1e-08,9,,PrecisionFailure,5.89306574711e-07,constrained_path_fit,True,2.14601796623e-06,40,36,trial_complete,,numerical noise draw; not a biological sample
K8,near_ill_conditioned,6,207.866001609,1e-06,0,,PrecisionFailure,0.000409443006435,constrained_path_fit,True,0.000133370558388,50,36,trial_complete,,numerical noise draw; not a biological sample
K8,near_ill_conditioned,6,207.866001609,1e-06,1,,PrecisionFailure,0.000272050662051,constrained_path_fit,True,0.000111720261195,51,36,trial_complete,,numerical noise draw; not a biological sample
K8,near_ill_conditioned,6,207.866001609,1e-06,2,,PrecisionFailure,0.000325592869647,constrained_path_fit,True,0.000157219164477,50,36,trial_complete,,numerical noise draw; not a biological sample
K8,near_ill_conditioned,6,207.866001609,1e-06,3,,PrecisionFailure,5.71565585118e-05,constrained_path_fit,True,0.000193305345033,50,36,trial_complete,,numerical noise draw; not a biological sample
K8,near_ill_conditioned,6,207.866001609,1e-06,4,,PrecisionFailure,0.000767734362939,constrained_path_fit,True,0.000140717779175,54,36,trial_complete,,numerical noise draw; not a biological sample
K8,near_ill_conditioned,6,207.866001609,1e-06,5,,PrecisionFailure,0.000197633590891,constrained_path_fit,True,0.000167805412146,44,36,trial_complete,,numerical noise draw; not a biological sample
K8,near_ill_conditioned,6,207.866001609,1e-06,6,,PrecisionFailure,0.000441312133708,constrained_path_fit,True,0.000145910094938,49,36,trial_complete,,numerical noise draw; not a biological sample
K8,near_ill_conditioned,6,207.866001609,1e-06,7,,PrecisionFailure,0.000333712816654,constrained_path_fit,True,0.000163608726335,47,36,trial_complete,,numerical noise draw; not a biological sample
K8,near_ill_conditioned,6,207.866001609,1e-06,8,,PrecisionFailure,0.000238353036572,constrained_path_fit,True,0.000165362312976,47,36,trial_complete,,numerical noise draw; not a biological sample
K8,near_ill_conditioned,6,207.866001609,1e-06,9,,PrecisionFailure,0.000748400497578,constrained_path_fit,True,0.00014578907905,46,36,trial_complete,,numerical noise draw; not a biological sample
K9,near_ill_conditioned,6,207.866001609,0,0,1.38530198377e-11,exact_inverse_recovered,4.67751022131e-13,constrained_path_fit,True,3.39946381575e-15,99,27,trial_complete,,numerical noise draw; not a biological sample
K9,near_ill_conditioned,6,207.866001609,0,1,1.38530198377e-11,exact_inverse_recovered,4.67751022131e-13,constrained_path_fit,True,3.39946381575e-15,99,27,trial_complete,,numerical noise draw; not a biological sample
K9,near_ill_conditioned,6,207.866001609,0,2,1.38530198377e-11,exact_inverse_recovered,4.67751022131e-13,constrained_path_fit,True,3.39946381575e-15,99,27,trial_complete,,numerical noise draw; not a biological sample
K9,near_ill_conditioned,6,207.866001609,0,3,1.38530198377e-11,exact_inverse_recovered,4.67751022131e-13,constrained_path_fit,True,3.39946381575e-15,99,27,trial_complete,,numerical noise draw; not a biological sample
K9,near_ill_conditioned,6,207.866001609,0,4,1.38530198377e-11,exact_inverse_recovered,4.67751022131e-13,constrained_path_fit,True,3.39946381575e-15,99,27,trial_complete,,numerical noise draw; not a biological sample
K9,near_ill_conditioned,6,207.866001609,0,5,1.38530198377e-11,exact_inverse_recovered,4.67751022131e-13,constrained_path_fit,True,3.39946381575e-15,99,27,trial_complete,,numerical noise draw; not a biological sample
K9,near_ill_conditioned,6,207.866001609,0,6,1.38530198377e-11,exact_inverse_recovered,4.67751022131e-13,constrained_path_fit,True,3.39946381575e-15,99,27,trial_complete,,numerical noise draw; not a biological sample
K9,near_ill_conditioned,6,207.866001609,0,7,1.38530198377e-11,exact_inverse_recovered,4.67751022131e-13,constrained_path_fit,True,3.39946381575e-15,99,27,trial_complete,,numerical noise draw; not a biological sample
K9,near_ill_conditioned,6,207.866001609,0,8,1.38530198377e-11,exact_inverse_recovered,4.67751022131e-13,constrained_path_fit,True,3.39946381575e-15,99,27,trial_complete,,numerical noise draw; not a biological sample
K9,near_ill_conditioned,6,207.866001609,0,9,1.38530198377e-11,exact_inverse_recovered,4.67751022131e-13,constrained_path_fit,True,3.39946381575e-15,99,27,trial_complete,,numerical noise draw; not a biological sample
K9,near_ill_conditioned,6,207.866001609,1e-10,0,,PrecisionFailure,7.56841806135e-06,constrained_path_fit,True,4.00915750754e-09,99,21,trial_complete,,numerical noise draw; not a biological sample
K9,near_ill_conditioned,6,207.866001609,1e-10,1,,PrecisionFailure,7.92600175508e-07,constrained_path_fit,True,3.3009463035e-09,99,21,trial_complete,,numerical noise draw; not a biological sample
K9,near_ill_conditioned,6,207.866001609,1e-10,2,,PrecisionFailure,3.31261465103e-06,constrained_path_fit,True,3.71592708736e-09,99,21,trial_complete,,numerical noise draw; not a biological sample
K9,near_ill_conditioned,6,207.866001609,1e-10,3,,PrecisionFailure,5.99049130298e-07,constrained_path_fit,True,3.28716209366e-09,99,21,trial_complete,,numerical noise draw; not a biological sample
K9,near_ill_conditioned,6,207.866001609,1e-10,4,,PrecisionFailure,1.59390865529e-06,constrained_path_fit,True,2.20411333048e-09,99,21,trial_complete,,numerical noise draw; not a biological sample
K9,near_ill_conditioned,6,207.866001609,1e-10,5,,PrecisionFailure,6.54229387456e-07,constrained_path_fit,True,3.30627430807e-09,99,21,trial_complete,,numerical noise draw; not a biological sample
K9,near_ill_conditioned,6,207.866001609,1e-10,6,,PrecisionFailure,2.09016494076e-07,constrained_path_fit,True,3.69430250513e-09,99,21,trial_complete,,numerical noise draw; not a biological sample
K9,near_ill_conditioned,6,207.866001609,1e-10,7,,PrecisionFailure,1.50289964499e-06,constrained_path_fit,True,2.23733573114e-09,99,21,trial_complete,,numerical noise draw; not a biological sample
K9,near_ill_conditioned,6,207.866001609,1e-10,8,,PrecisionFailure,3.07095148973e-06,constrained_path_fit,True,3.94017539403e-09,99,21,trial_complete,,numerical noise draw; not a biological sample
K9,near_ill_conditioned,6,207.866001609,1e-10,9,,PrecisionFailure,2.01516754771e-06,constrained_path_fit,True,2.76621418212e-09,99,21,trial_complete,,numerical noise draw; not a biological sample
K9,near_ill_conditioned,6,207.866001609,1e-08,0,,PrecisionFailure,5.1812869338e-05,constrained_path_fit,True,3.98668832492e-07,99,21,trial_complete,,numerical noise draw; not a biological sample
K9,near_ill_conditioned,6,207.866001609,1e-08,1,,PrecisionFailure,6.0137250401e-05,constrained_path_fit,True,4.89756715926e-07,99,21,trial_complete,,numerical noise draw; not a biological sample
K9,near_ill_conditioned,6,207.866001609,1e-08,2,,PrecisionFailure,0.000296284604638,constrained_path_fit,True,3.68293243848e-07,99,21,trial_complete,,numerical noise draw; not a biological sample
K9,near_ill_conditioned,6,207.866001609,1e-08,3,,PrecisionFailure,0.000137618495533,constrained_path_fit,True,4.46484641679e-07,99,21,trial_complete,,numerical noise draw; not a biological sample
K9,near_ill_conditioned,6,207.866001609,1e-08,4,,PrecisionFailure,0.000330357901401,constrained_path_fit,True,3.83418924421e-07,99,21,trial_complete,,numerical noise draw; not a biological sample
K9,near_ill_conditioned,6,207.866001609,1e-08,5,,PrecisionFailure,0.000193231984522,constrained_path_fit,True,2.45014394519e-07,99,21,trial_complete,,numerical noise draw; not a biological sample
K9,near_ill_conditioned,6,207.866001609,1e-08,6,,PrecisionFailure,0.000158490816331,constrained_path_fit,True,3.57228047576e-07,99,21,trial_complete,,numerical noise draw; not a biological sample
K9,near_ill_conditioned,6,207.866001609,1e-08,7,,PrecisionFailure,0.000115836343926,constrained_path_fit,True,3.01997278388e-07,99,21,trial_complete,,numerical noise draw; not a biological sample
K9,near_ill_conditioned,6,207.866001609,1e-08,8,,PrecisionFailure,0.000240363937716,constrained_path_fit,True,2.71669001009e-07,99,21,trial_complete,,numerical noise draw; not a biological sample
K9,near_ill_conditioned,6,207.866001609,1e-08,9,,PrecisionFailure,8.42196483725e-05,constrained_path_fit,True,3.79630856442e-07,99,21,trial_complete,,numerical noise draw; not a biological sample
K9,near_ill_conditioned,6,207.866001609,1e-06,0,,PrecisionFailure,0.014480634258,constrained_path_fit,True,3.27155324063e-05,99,21,trial_complete,,numerical noise draw; not a biological sample
K9,near_ill_conditioned,6,207.866001609,1e-06,1,,PrecisionFailure,0.0296066966836,constrained_path_fit,True,2.62621021066e-05,105,21,trial_complete,,numerical noise draw; not a biological sample
K9,near_ill_conditioned,6,207.866001609,1e-06,2,,PrecisionFailure,0.00992151987623,constrained_path_fit,True,3.72694702795e-05,106,21,trial_complete,,numerical noise draw; not a biological sample
K9,near_ill_conditioned,6,207.866001609,1e-06,3,,PrecisionFailure,0.024100575373,constrained_path_fit,True,2.88643897773e-05,97,21,trial_complete,,numerical noise draw; not a biological sample
K9,near_ill_conditioned,6,207.866001609,1e-06,4,,PrecisionFailure,0.0337275956502,constrained_path_fit,True,2.71421319956e-05,97,21,trial_complete,,numerical noise draw; not a biological sample
K9,near_ill_conditioned,6,207.866001609,1e-06,5,,PrecisionFailure,0.0360801323588,constrained_path_fit,True,2.75249613808e-05,103,21,trial_complete,,numerical noise draw; not a biological sample
K9,near_ill_conditioned,6,207.866001609,1e-06,6,,PrecisionFailure,0.032971069802,constrained_path_fit,True,4.08842295411e-05,101,21,trial_complete,,numerical noise draw; not a biological sample
K9,near_ill_conditioned,6,207.866001609,1e-06,7,,PrecisionFailure,0.0133240850846,constrained_path_fit,True,3.53838304892e-05,107,21,trial_complete,,numerical noise draw; not a biological sample
K9,near_ill_conditioned,6,207.866001609,1e-06,8,,PrecisionFailure,0.0119458342727,constrained_path_fit,True,3.01035507908e-05,106,21,trial_complete,,numerical noise draw; not a biological sample
K9,near_ill_conditioned,6,207.866001609,1e-06,9,,PrecisionFailure,0.0205951334138,constrained_path_fit,True,2.74648042788e-05,102,21,trial_complete,,numerical noise draw; not a biological sample
