method,family,n,condition_number,relative_noise_scale,trials,exact_inverse_acceptance_fraction,finite_fit_success_fraction,median_exact_inverse_error,median_finite_fit_error,p90_finite_fit_error
K8,moderate_condition,6,11.1743967555,0,10,1,1,2.65113156839e-08,8.56550086878e-13,8.56550086878e-13
K8,moderate_condition,6,11.1743967555,1e-10,10,1,1,0.00280588476317,7.01439012911e-07,1.29356056959e-06
K8,moderate_condition,6,11.1743967555,1e-08,10,0,1,,3.61495027185e-05,7.23285646926e-05
K8,moderate_condition,6,11.1743967555,1e-06,10,0,1,,0.0075075335935,0.0149454396464
K8,near_ill_conditioned,6,207.866001609,0,10,1,1,5.41294807342e-09,5.84162043328e-14,5.84162043328e-14
K8,near_ill_conditioned,6,207.866001609,1e-10,10,0.1,1,4.55470281191e-05,2.79992127736e-08,5.88158456744e-08
K8,near_ill_conditioned,6,207.866001609,1e-08,10,0,1,,2.02777305041e-06,5.09350918778e-06
K8,near_ill_conditioned,6,207.866001609,1e-06,10,0,1,,0.00032965284315,0.000750333884114
K9,moderate_condition,6,11.1743967555,0,10,1,1,8.93827327546e-11,1.11207770124e-10,1.11207770124e-10
K9,moderate_condition,6,11.1743967555,1e-10,10,0,1,,9.12349886163e-05,0.00015243804822
K9,moderate_condition,6,11.1743967555,1e-08,10,0,1,,0.00392604849635,0.00871805281873
K9,moderate_condition,6,11.1743967555,1e-06,10,0,1,,0.295449107829,5.15935600628
K9,near_ill_conditioned,6,207.866001609,0,10,1,1,1.38530198377e-11,4.67751022131e-13,4.67751022131e-13
K9,near_ill_conditioned,6,207.866001609,1e-10,10,0,1,,1.54840415014e-06,3.73819499206e-06
K9,near_ill_conditioned,6,207.866001609,1e-08,10,0,1,,0.000148054655932,0.000299691934314
K9,near_ill_conditioned,6,207.866001609,1e-06,10,0,1,,0.0223478543934,0.0339628493211
