design,noise_fraction,metric,cases,median,p90
high_redundancy,0,L_relative_error,24,1.083320878e-05,2.202645614e-05
high_redundancy,0,C_relative_error,24,3.545663175e-06,4.876192117e-06
high_redundancy,0.0001,L_relative_error,24,0.002802576618,0.01092391201
high_redundancy,0.0001,C_relative_error,24,0.01011686898,0.02635466195
high_redundancy,0.0003,L_relative_error,24,0.008789302917,0.02369024612
high_redundancy,0.0003,C_relative_error,24,0.03027781684,0.05951406322
high_redundancy,0.001,L_relative_error,24,0.02912374288,0.06674063133
high_redundancy,0.001,C_relative_error,24,0.1353112036,0.2237704366
high_redundancy,0.003,L_relative_error,24,0.05428145756,0.1446895272
high_redundancy,0.003,C_relative_error,24,0.3037613769,0.7268807418
moderate_redundancy,0,L_relative_error,24,0.001876952557,0.005342266134
moderate_redundancy,0,C_relative_error,24,0.001104798771,0.003514142624
moderate_redundancy,0.0001,L_relative_error,24,0.03279669026,0.07707403819
moderate_redundancy,0.0001,C_relative_error,24,0.02529917222,0.05601496241
moderate_redundancy,0.0003,L_relative_error,24,0.0785320717,0.186623186
moderate_redundancy,0.0003,C_relative_error,24,0.0680773673,0.3699906051
moderate_redundancy,0.001,L_relative_error,24,0.2186649695,0.4038954246
moderate_redundancy,0.001,C_relative_error,24,0.4344519195,0.8065042662
moderate_redundancy,0.003,L_relative_error,24,0.3595548248,0.6320376821
moderate_redundancy,0.003,C_relative_error,24,0.7341842028,2.933994352
