figure,panel,record_type,source_path,source_sha256,metric,display_unit,transform,setting_id,filter,total_count,finite_count,converged_count,raw_q25,raw_median,raw_q75,raw_p90,display_q25,display_median,display_q75,display_p90
2,e,summary,results/k8_morphology_sensitivity_replicates.csv,754dedfd431b128130f329fa6ab2e7b48359e5a79faf9aab3f1fd4d6cb05de9f,relative_L_error,percent,100 * raw_value,S01,all 260 fits; finite nonconverged retained,20,20,20,0.089742464177500009,0.20300938390000001,0.34232189709999999,0.43400769180000009,8.9742464177500008,20.300938389999999,34.23218971,43.400769180000012
2,e,summary,results/k8_morphology_sensitivity_replicates.csv,754dedfd431b128130f329fa6ab2e7b48359e5a79faf9aab3f1fd4d6cb05de9f,relative_L_error,percent,100 * raw_value,S02,all 260 fits; finite nonconverged retained,20,20,20,0.050074402597499998,0.088550454884999991,0.1373707207,0.2826771171100001,5.0074402597500001,8.8550454884999983,13.73707207,28.267711711000011
2,e,summary,results/k8_morphology_sensitivity_replicates.csv,754dedfd431b128130f329fa6ab2e7b48359e5a79faf9aab3f1fd4d6cb05de9f,relative_L_error,percent,100 * raw_value,S03,all 260 fits; finite nonconverged retained,20,20,20,0.0264466820975,0.047978469430000004,0.064674612362499995,0.095747534472000073,2.6446682097499998,4.7978469430000006,6.4674612362499992,9.574753447200008
2,e,summary,results/k8_morphology_sensitivity_replicates.csv,754dedfd431b128130f329fa6ab2e7b48359e5a79faf9aab3f1fd4d6cb05de9f,relative_L_error,percent,100 * raw_value,S04,all 260 fits; finite nonconverged retained,20,20,20,0.23661521482499998,0.24701686379999999,0.28648259870000004,0.36559983997000012,23.661521482499996,24.701686379999998,28.648259870000004,36.55998399700001
2,e,summary,results/k8_morphology_sensitivity_replicates.csv,754dedfd431b128130f329fa6ab2e7b48359e5a79faf9aab3f1fd4d6cb05de9f,relative_L_error,percent,100 * raw_value,S05,all 260 fits; finite nonconverged retained,20,20,20,0.067694907452500008,0.087529585909999999,0.10920582375,0.16510923687000009,6.7694907452500006,8.7529585910000005,10.920582375,16.510923687000009
2,e,summary,results/k8_morphology_sensitivity_replicates.csv,754dedfd431b128130f329fa6ab2e7b48359e5a79faf9aab3f1fd4d6cb05de9f,relative_L_error,percent,100 * raw_value,S06,all 260 fits; finite nonconverged retained,20,20,20,0.062230847074999998,0.075735351105000001,0.083960010025000004,0.097399745094000012,6.2230847075,7.5735351104999999,8.3960010025000003,9.7399745094000014
2,e,summary,results/k8_morphology_sensitivity_replicates.csv,754dedfd431b128130f329fa6ab2e7b48359e5a79faf9aab3f1fd4d6cb05de9f,relative_L_error,percent,100 * raw_value,S07,all 260 fits; finite nonconverged retained,20,20,20,0.17457307755000001,0.17914880319999998,0.18469687195000001,0.18555620832,17.457307755000002,17.914880319999998,18.469687195000002,18.555620831999999
2,e,summary,results/k8_morphology_sensitivity_replicates.csv,754dedfd431b128130f329fa6ab2e7b48359e5a79faf9aab3f1fd4d6cb05de9f,relative_L_error,percent,100 * raw_value,S08,all 260 fits; finite nonconverged retained,20,20,20,0.045581107115000005,0.058865668945000005,0.10822813822500001,0.13195249154000005,4.5581107115000004,5.8865668945000005,10.822813822500001,13.195249154000004
2,e,summary,results/k8_morphology_sensitivity_replicates.csv,754dedfd431b128130f329fa6ab2e7b48359e5a79faf9aab3f1fd4d6cb05de9f,relative_L_error,percent,100 * raw_value,S09,all 260 fits; finite nonconverged retained,20,20,20,0.151730464525,0.18439850555000001,0.22811996114999999,0.26959428830000004,15.1730464525,18.439850555,22.811996114999999,26.959428830000004
2,e,summary,results/k8_morphology_sensitivity_replicates.csv,754dedfd431b128130f329fa6ab2e7b48359e5a79faf9aab3f1fd4d6cb05de9f,relative_L_error,percent,100 * raw_value,S10,all 260 fits; finite nonconverged retained,20,20,20,0.48787903919999998,0.57263084959999999,0.71425974597499997,0.80863938333000007,48.787903919999998,57.26308496,71.425974597500002,80.863938333000007
2,e,summary,results/k8_morphology_sensitivity_replicates.csv,754dedfd431b128130f329fa6ab2e7b48359e5a79faf9aab3f1fd4d6cb05de9f,relative_L_error,percent,100 * raw_value,S11,all 260 fits; finite nonconverged retained,20,20,19,0.19409884357500001,0.31132635359999999,0.50339477519999998,0.61886564968000035,19.409884357500001,31.132635359999998,50.339477519999996,61.886564968000037
2,e,summary,results/k8_morphology_sensitivity_replicates.csv,754dedfd431b128130f329fa6ab2e7b48359e5a79faf9aab3f1fd4d6cb05de9f,relative_L_error,percent,100 * raw_value,S12,all 260 fits; finite nonconverged retained,20,20,20,0.13061017462499999,0.29473260055,0.33356973535000001,0.52671898378000015,13.061017462499999,29.473260055000001,33.356973535000002,52.671898378000016
2,e,summary,results/k8_morphology_sensitivity_replicates.csv,754dedfd431b128130f329fa6ab2e7b48359e5a79faf9aab3f1fd4d6cb05de9f,relative_L_error,percent,100 * raw_value,S13,all 260 fits; finite nonconverged retained,20,20,20,0.076458825207499997,0.1269193884,0.16649182737500001,0.30453998418000006,7.6458825207499999,12.691938840000001,16.649182737500002,30.453998418000005
