movie,n,cycle_rank,ensemble,draw,replicate,ratio,local_scale,edge_scale,storage_scale,heterogeneity_sigma,edge_mapping,noise_fraction,query_count,status,fit_success,fit_residual,jacobian_condition,nfev,L_relative_error,C_relative_error,topology_precision,topology_recall,topology_F1
E3,5,1,reference,0,0,5,1,1,1,0.08,inverse_length,0.001,77,`gtol` termination condition is satisfied.,True,0.0008439078054,5655.29207,41,0.04042283554,0.2057395319,1,1,1
E3,5,1,reference,0,1,5,1,1,1,0.08,inverse_length,0.001,77,`gtol` termination condition is satisfied.,True,0.0007534848452,4344.188565,35,0.1036172372,0.1191064117,1,1,1
E3,5,1,reference,0,2,5,1,1,1,0.08,inverse_length,0.001,77,`gtol` termination condition is satisfied.,True,0.0007440406441,5439.786832,36,0.05712129859,0.05772578174,1,1,1
E3,5,1,reference,1,0,5,1,1,1,0.08,inverse_length,0.001,77,`gtol` termination condition is satisfied.,True,0.0007506916059,5659.12014,33,0.1153213016,0.1201511346,1,1,1
E3,5,1,reference,1,1,5,1,1,1,0.08,inverse_length,0.001,77,`gtol` termination condition is satisfied.,True,0.0007456053113,7373.365608,35,0.04894737053,0.05071975311,1,1,1
E3,5,1,reference,1,2,5,1,1,1,0.08,inverse_length,0.001,77,`gtol` termination condition is satisfied.,True,0.0007582854853,6785.092122,34,0.04429330712,0.3048415443,1,1,1
E3,5,1,reference,2,0,5,1,1,1,0.08,inverse_length,0.001,77,`gtol` termination condition is satisfied.,True,0.0007460869608,5378.71808,33,0.0546707494,0.05033845845,1,1,1
E3,5,1,reference,2,1,5,1,1,1,0.08,inverse_length,0.001,77,`gtol` termination condition is satisfied.,True,0.0007711657652,5135.508018,26,0.04532127643,0.2803225127,1,1,1
E3,5,1,reference,2,2,5,1,1,1,0.08,inverse_length,0.001,77,`gtol` termination condition is satisfied.,True,0.00087824263,4703.679023,30,0.07109822534,0.1437073853,1,1,1
E3,5,1,reference,3,0,5,1,1,1,0.08,inverse_length,0.001,77,`gtol` termination condition is satisfied.,True,0.0007712151601,7139.166445,29,0.04558024181,0.3055256796,1,1,1
E3,5,1,reference,3,1,5,1,1,1,0.08,inverse_length,0.001,77,`gtol` termination condition is satisfied.,True,0.0008775178976,6341.764514,27,0.08876849982,0.1493845855,1,1,1
E3,5,1,reference,3,2,5,1,1,1,0.08,inverse_length,0.001,77,`ftol` termination condition is satisfied.,True,0.0009289485695,7140.978265,37,0.05719430979,0.1747200871,1,1,1
E3,5,1,low_stiffness,0,0,5,0.5,0.5,1,0.08,inverse_length,0.001,77,`gtol` termination condition is satisfied.,True,0.0008235883618,7894.907805,35,0.03207555092,0.3058796901,1,1,1
E3,5,1,low_stiffness,0,1,5,0.5,0.5,1,0.08,inverse_length,0.001,77,`gtol` termination condition is satisfied.,True,0.0009112161858,5854.257038,29,0.03451049653,0.1331820018,1,1,1
E3,5,1,low_stiffness,0,2,5,0.5,0.5,1,0.08,inverse_length,0.001,77,`gtol` termination condition is satisfied.,True,0.0008936818042,25111.24979,30,0.05728031406,0.4303247562,1,1,1
E3,5,1,low_stiffness,1,0,5,0.5,0.5,1,0.08,inverse_length,0.001,77,`gtol` termination condition is satisfied.,True,0.0009105562649,4256.470981,28,0.02523454435,0.08509183625,1,1,1
E3,5,1,low_stiffness,1,1,5,0.5,0.5,1,0.08,inverse_length,0.001,77,`gtol` termination condition is satisfied.,True,0.0008932982614,5432.891529,26,0.04767465721,0.3505607285,1,1,1
E3,5,1,low_stiffness,1,2,5,0.5,0.5,1,0.08,inverse_length,0.001,77,`gtol` termination condition is satisfied.,True,0.0007757815724,4261.165165,27,0.02891600794,0.1214930235,1,1,1
E3,5,1,low_stiffness,2,0,5,0.5,0.5,1,0.08,inverse_length,0.001,77,`ftol` termination condition is satisfied.,True,0.0008908585725,5676.928936,32,0.04569658806,0.3328703869,1,1,1
E3,5,1,low_stiffness,2,1,5,0.5,0.5,1,0.08,inverse_length,0.001,77,`gtol` termination condition is satisfied.,True,0.0007770630467,3621.474404,32,0.02697278235,0.1139072059,1,1,1
E3,5,1,low_stiffness,2,2,5,0.5,0.5,1,0.08,inverse_length,0.001,77,`gtol` termination condition is satisfied.,True,0.0008667565292,3507.750845,33,0.04175998802,0.07806930725,1,1,1
E3,5,1,low_stiffness,3,0,5,0.5,0.5,1,0.08,inverse_length,0.001,77,`gtol` termination condition is satisfied.,True,0.0007784409088,5198.423849,34,0.03561613012,0.1559934014,1,1,1
E3,5,1,low_stiffness,3,1,5,0.5,0.5,1,0.08,inverse_length,0.001,77,`gtol` termination condition is satisfied.,True,0.0008640602674,4993.300804,31,0.0546834977,0.0975810228,1,1,1
E3,5,1,low_stiffness,3,2,5,0.5,0.5,1,0.08,inverse_length,0.001,77,`gtol` termination condition is satisfied.,True,0.00105674685,5383.660501,30,0.01686718853,0.3198501967,1,1,1
E3,5,1,high_stiffness,0,0,5,2,2,1,0.08,inverse_length,0.001,77,`gtol` termination condition is satisfied.,True,0.001039745572,8035.938488,42,0.2511629824,0.4759906077,0.8333333333,1,0.9090909091
E3,5,1,high_stiffness,0,1,5,2,2,1,0.08,inverse_length,0.001,77,`gtol` termination condition is satisfied.,True,0.0007841949857,6870.865922,40,0.2570577446,0.377640147,0.8333333333,1,0.9090909091
E3,5,1,high_stiffness,0,2,5,2,2,1,0.08,inverse_length,0.001,77,`gtol` termination condition is satisfied.,True,0.001010431315,7017.98143,40,0.2543232379,0.2365877615,0.8333333333,1,0.9090909091
E3,5,1,high_stiffness,1,0,5,2,2,1,0.08,inverse_length,0.001,77,`gtol` termination condition is satisfied.,True,0.0007800444014,7352.358388,39,0.2289121062,0.3244561934,0.8333333333,1,0.9090909091
E3,5,1,high_stiffness,1,1,5,2,2,1,0.08,inverse_length,0.001,77,`ftol` termination condition is satisfied.,True,0.0009969619397,7558.453896,41,0.2252085008,0.2263938012,0.8333333333,1,0.9090909091
E3,5,1,high_stiffness,1,2,5,2,2,1,0.08,inverse_length,0.001,77,`gtol` termination condition is satisfied.,True,0.0008080961575,7579.800338,40,0.2275934419,0.4341819862,0.8333333333,1,0.9090909091
E3,5,1,high_stiffness,2,0,5,2,2,1,0.08,inverse_length,0.001,77,`ftol` termination condition is satisfied.,True,0.0009945164967,7480.062198,40,0.237375137,0.2514975074,0.8333333333,1,0.9090909091
E3,5,1,high_stiffness,2,1,5,2,2,1,0.08,inverse_length,0.001,77,`ftol` termination condition is satisfied.,True,0.0008084454461,7583.300065,47,0.2392796865,0.3858736213,0.8333333333,1,0.9090909091
E3,5,1,high_stiffness,2,2,5,2,2,1,0.08,inverse_length,0.001,77,`gtol` termination condition is satisfied.,True,0.000786280669,7626.938596,42,0.2361226339,0.09757034123,0.8333333333,1,0.9090909091
E3,5,1,high_stiffness,3,0,5,2,2,1,0.08,inverse_length,0.001,77,`gtol` termination condition is satisfied.,True,0.0008392046487,6093.785674,50,0.2772690084,0.3836332852,0.8333333333,1,0.9090909091
E3,5,1,high_stiffness,3,1,5,2,2,1,0.08,inverse_length,0.001,77,`gtol` termination condition is satisfied.,True,0.0008213737579,6150.766713,50,0.2726495894,0.09985162882,0.8333333333,1,0.9090909091
E3,5,1,high_stiffness,3,2,5,2,2,1,0.08,inverse_length,0.001,77,`gtol` termination condition is satisfied.,True,0.0006934604261,6088.036078,43,0.2758496829,0.04091689007,0.8333333333,1,0.9090909091
E3,5,1,low_storage,0,0,5,1,1,0.5,0.08,inverse_length,0.001,77,`gtol` termination condition is satisfied.,True,0.0008227363446,5578.974213,38,0.04011930941,0.1209465005,1,1,1
E3,5,1,low_storage,0,1,5,1,1,0.5,0.08,inverse_length,0.001,77,`gtol` termination condition is satisfied.,True,0.0008728696058,5669.290037,40,0.01561488563,0.2939212109,1,1,1
E3,5,1,low_storage,0,2,5,1,1,0.5,0.08,inverse_length,0.001,77,`gtol` termination condition is satisfied.,True,0.0007135285606,17717.78814,43,0.05244785155,0.6558889123,1,1,1
E3,5,1,low_storage,1,0,5,1,1,0.5,0.08,inverse_length,0.001,77,`ftol` termination condition is satisfied.,True,0.000872755656,6058.496073,36,0.01539941911,0.2971781903,1,1,1
E3,5,1,low_storage,1,1,5,1,1,0.5,0.08,inverse_length,0.001,77,`gtol` termination condition is satisfied.,True,0.0007113155681,11373.40903,37,0.05330698963,0.6546403533,1,1,1
E3,5,1,low_storage,1,2,5,1,1,0.5,0.08,inverse_length,0.001,77,`gtol` termination condition is satisfied.,True,0.0009319475529,17792.06803,36,0.02643614342,0.632656294,1,1,1
E3,5,1,low_storage,2,0,5,1,1,0.5,0.08,inverse_length,0.001,77,`gtol` termination condition is satisfied.,True,0.0007103577371,10172.13542,30,0.05603902792,0.6428122974,1,1,1
E3,5,1,low_storage,2,1,5,1,1,0.5,0.08,inverse_length,0.001,77,`gtol` termination condition is satisfied.,True,0.0009308661989,19182.3345,33,0.02404753445,0.6441369553,1,1,1
E3,5,1,low_storage,2,2,5,1,1,0.5,0.08,inverse_length,0.001,77,`gtol` termination condition is satisfied.,True,0.0008966196269,5752.253114,33,0.07046693555,0.08256892181,1,1,1
E3,5,1,low_storage,3,0,5,1,1,0.5,0.08,inverse_length,0.001,77,`gtol` termination condition is satisfied.,True,0.0009482694067,20745.54991,38,0.0353858798,0.5293539477,1,1,1
E3,5,1,low_storage,3,1,5,1,1,0.5,0.08,inverse_length,0.001,77,`gtol` termination condition is satisfied.,True,0.0009015594506,7523.866009,36,0.06829809136,0.06254232842,1,1,1
E3,5,1,low_storage,3,2,5,1,1,0.5,0.08,inverse_length,0.001,77,`gtol` termination condition is satisfied.,True,0.0008582638725,6441.95686,33,0.08150431056,0.3280416062,0.8333333333,1,0.9090909091
E3,5,1,high_storage,0,0,5,1,1,1.5,0.08,inverse_length,0.001,77,`ftol` termination condition is satisfied.,True,0.0009940014925,7645.380062,29,0.08521235447,0.2034688663,1,1,1
E3,5,1,high_storage,0,1,5,1,1,1.5,0.08,inverse_length,0.001,77,`gtol` termination condition is satisfied.,True,0.0008867620129,24643.72212,34,0.07345650057,0.4403701019,1,1,1
E3,5,1,high_storage,0,2,5,1,1,1.5,0.08,inverse_length,0.001,77,`gtol` termination condition is satisfied.,True,0.000790380751,8064.525071,35,0.0165692704,0.222906538,1,1,1
E3,5,1,high_storage,1,0,5,1,1,1.5,0.08,inverse_length,0.001,77,`ftol` termination condition is satisfied.,True,0.0008883418843,11985.24517,33,0.07047103341,0.4285602612,1,1,1
E3,5,1,high_storage,1,1,5,1,1,1.5,0.08,inverse_length,0.001,77,`gtol` termination condition is satisfied.,True,0.0007912485955,8406.917164,30,0.01638117335,0.2176754261,1,1,1
E3,5,1,high_storage,1,2,5,1,1,1.5,0.08,inverse_length,0.001,77,`gtol` termination condition is satisfied.,True,0.0009830856735,8511.992118,20,0.02898068548,0.1508723733,1,1,1
E3,5,1,high_storage,2,0,5,1,1,1.5,0.08,inverse_length,0.001,77,`gtol` termination condition is satisfied.,True,0.0007870410937,6589.448073,33,0.01314253371,0.1750789746,1,1,1
E3,5,1,high_storage,2,1,5,1,1,1.5,0.08,inverse_length,0.001,77,`gtol` termination condition is satisfied.,True,0.0009828955368,6616.915998,28,0.02386749542,0.1264428135,1,1,1
E3,5,1,high_storage,2,2,5,1,1,1.5,0.08,inverse_length,0.001,77,`gtol` termination condition is satisfied.,True,0.0009300273352,6380.018078,28,0.03211328724,0.3606982908,1,1,1
E3,5,1,high_storage,3,0,5,1,1,1.5,0.08,inverse_length,0.001,77,`gtol` termination condition is satisfied.,True,0.0009887816246,6182.404821,28,0.0244686302,0.1162104063,1,1,1
E3,5,1,high_storage,3,1,5,1,1,1.5,0.08,inverse_length,0.001,77,`gtol` termination condition is satisfied.,True,0.000927653403,5965.908903,27,0.03196125399,0.3597360482,1,1,1
E3,5,1,high_storage,3,2,5,1,1,1.5,0.08,inverse_length,0.001,77,`gtol` termination condition is satisfied.,True,0.0008802986834,6770.93655,33,0.05143026793,0.1579319185,1,1,1
E3,5,1,low_edge_ratio,0,0,1.25,1,1,1,0.08,inverse_length,0.001,77,`gtol` termination condition is satisfied.,True,0.0008239939952,378510.4845,84,0.3027945012,1.917003318,0.8,0.8,0.8
E3,5,1,low_edge_ratio,0,1,1.25,1,1,1,0.08,inverse_length,0.001,77,`gtol` termination condition is satisfied.,True,0.0009440244741,278966.2809,87,0.2875552492,1.633523155,1,0.8,0.8888888889
E3,5,1,low_edge_ratio,0,2,1.25,1,1,1,0.08,inverse_length,0.001,77,`ftol` termination condition is satisfied.,True,0.0008190264519,169848.1611,85,0.3013947366,1.398668021,1,1,1
E3,5,1,low_edge_ratio,1,0,1.25,1,1,1,0.08,inverse_length,0.001,77,`ftol` termination condition is satisfied.,True,0.0009431314199,311685.4829,103,0.316385492,2.169824642,1,0.8,0.8888888889
E3,5,1,low_edge_ratio,1,1,1.25,1,1,1,0.08,inverse_length,0.001,77,`ftol` termination condition is satisfied.,True,0.000819496116,196413.4017,79,0.3702097503,1.622900736,1,1,1
E3,5,1,low_edge_ratio,1,2,1.25,1,1,1,0.08,inverse_length,0.001,77,`gtol` termination condition is satisfied.,True,0.0008979464472,178726.1736,88,0.3755833822,0.5770145235,1,0.8,0.8888888889
E3,5,1,low_edge_ratio,2,0,1.25,1,1,1,0.08,inverse_length,0.001,77,`ftol` termination condition is satisfied.,True,0.0008201001189,361496.2171,121,0.4209592834,2.340339709,1,0.8,0.8888888889
E3,5,1,low_edge_ratio,2,1,1.25,1,1,1,0.08,inverse_length,0.001,77,`gtol` termination condition is satisfied.,True,0.0008968582083,179221.3887,88,0.3838919317,0.5691759739,1,0.8,0.8888888889
E3,5,1,low_edge_ratio,2,2,1.25,1,1,1,0.08,inverse_length,0.001,77,`gtol` termination condition is satisfied.,True,0.0009286568801,267036.196,97,0.2470379201,3.884140195,1,1,1
E3,5,1,low_edge_ratio,3,0,1.25,1,1,1,0.08,inverse_length,0.001,77,`gtol` termination condition is satisfied.,True,0.0008974267052,181202.2052,90,0.4127969639,0.6270561666,1,0.8,0.8888888889
E3,5,1,low_edge_ratio,3,1,1.25,1,1,1,0.08,inverse_length,0.001,77,`gtol` termination condition is satisfied.,True,0.0009291698448,270645.6758,105,0.2727914189,4.048560136,1,1,1
E3,5,1,low_edge_ratio,3,2,1.25,1,1,1,0.08,inverse_length,0.001,77,`gtol` termination condition is satisfied.,True,0.0008193100499,55933.64204,87,0.1524591097,2.039396489,1,1,1
E3,5,1,high_edge_ratio,0,0,10,1,1,1,0.08,inverse_length,0.001,77,`gtol` termination condition is satisfied.,True,0.001275554024,3018.021074,33,0.2475680825,0.1379881245,0.8333333333,1,0.9090909091
E3,5,1,high_edge_ratio,0,1,10,1,1,1,0.08,inverse_length,0.001,77,`gtol` termination condition is satisfied.,True,0.001243862407,3046.373368,36,0.2446828232,0.105430557,0.8333333333,1,0.9090909091
E3,5,1,high_edge_ratio,0,2,10,1,1,1,0.08,inverse_length,0.001,77,`gtol` termination condition is satisfied.,True,0.001078063706,3079.928132,32,0.2454304212,0.18394346,0.8333333333,1,0.9090909091
E3,5,1,high_edge_ratio,1,0,10,1,1,1,0.08,inverse_length,0.001,77,`ftol` termination condition is satisfied.,True,0.001253240705,2909.871792,40,0.252748192,0.1162606338,0.8333333333,1,0.9090909091
E3,5,1,high_edge_ratio,1,1,10,1,1,1,0.08,inverse_length,0.001,77,`gtol` termination condition is satisfied.,True,0.001081768343,2938.756811,38,0.2529785179,0.1734501809,0.8333333333,1,0.9090909091
E3,5,1,high_edge_ratio,1,2,10,1,1,1,0.08,inverse_length,0.001,77,`ftol` termination condition is satisfied.,True,0.001245340443,3050.705378,48,0.2511313491,0.271394944,0.8333333333,1,0.9090909091
E3,5,1,high_edge_ratio,2,0,10,1,1,1,0.08,inverse_length,0.001,77,`gtol` termination condition is satisfied.,True,0.001051965415,3383.650137,36,0.2293277013,0.1887423917,0.8333333333,1,0.9090909091
E3,5,1,high_edge_ratio,2,1,10,1,1,1,0.08,inverse_length,0.001,77,`gtol` termination condition is satisfied.,True,0.001197257759,3506.654515,37,0.2271240182,0.2847670358,0.8333333333,1,0.9090909091
E3,5,1,high_edge_ratio,2,2,10,1,1,1,0.08,inverse_length,0.001,77,`ftol` termination condition is satisfied.,True,0.001093618219,3305.650408,38,0.2299950743,0.3305648716,0.8333333333,1,0.9090909091
E3,5,1,high_edge_ratio,3,0,10,1,1,1,0.08,inverse_length,0.001,77,`gtol` termination condition is satisfied.,True,0.001286713791,2975.391777,36,0.2818773463,0.2637370293,0.8333333333,1,0.9090909091
E3,5,1,high_edge_ratio,3,1,10,1,1,1,0.08,inverse_length,0.001,77,`gtol` termination condition is satisfied.,True,0.001193664129,2802.720916,39,0.2845369396,0.317093685,0.8333333333,1,0.9090909091
E3,5,1,high_edge_ratio,3,2,10,1,1,1,0.08,inverse_length,0.001,77,`gtol` termination condition is satisfied.,True,0.001089049666,2886.450866,35,0.2824127393,0.03169030997,0.8333333333,1,0.9090909091
E3,5,1,heterogeneous_edges,0,0,5,1,1,1,0.35,inverse_length,0.001,77,`gtol` termination condition is satisfied.,True,0.0007942061512,24818.26576,31,0.06492165217,0.2325883146,1,1,1
E3,5,1,heterogeneous_edges,0,1,5,1,1,1,0.35,inverse_length,0.001,77,`ftol` termination condition is satisfied.,True,0.0009751009768,21338.9759,41,0.1300744427,0.3039193916,0.8333333333,1,0.9090909091
E3,5,1,heterogeneous_edges,0,2,5,1,1,1,0.35,inverse_length,0.001,77,`gtol` termination condition is satisfied.,True,0.0008988044005,88803.92963,53,0.2069859778,0.4947123085,1,1,1
E3,5,1,heterogeneous_edges,1,0,5,1,1,1,0.35,inverse_length,0.001,77,`gtol` termination condition is satisfied.,True,0.000971874539,11001.10746,41,0.08616125751,0.2005598086,1,1,1
E3,5,1,heterogeneous_edges,1,1,5,1,1,1,0.35,inverse_length,0.001,77,`gtol` termination condition is satisfied.,True,0.0008929653853,64044.53382,51,0.1580608662,0.5202586165,1,1,1
E3,5,1,heterogeneous_edges,1,2,5,1,1,1,0.35,inverse_length,0.001,77,`gtol` termination condition is satisfied.,True,0.001039591569,40303.84699,50,0.1619274876,1.198922782,1,1,1
E3,5,1,heterogeneous_edges,2,0,5,1,1,1,0.35,inverse_length,0.001,77,`ftol` termination condition is satisfied.,True,0.000876358234,3207.389269,30,0.05586655756,0.2196891522,1,1,1
E3,5,1,heterogeneous_edges,2,1,5,1,1,1,0.35,inverse_length,0.001,77,`ftol` termination condition is satisfied.,True,0.001066287338,3100.814308,31,0.06797682154,0.4887300625,1,1,1
E3,5,1,heterogeneous_edges,2,2,5,1,1,1,0.35,inverse_length,0.001,77,`gtol` termination condition is satisfied.,True,0.0009408163733,3474.840669,30,0.0432515476,0.06398443268,1,1,1
E3,5,1,heterogeneous_edges,3,0,5,1,1,1,0.35,inverse_length,0.001,77,`gtol` termination condition is satisfied.,True,0.001065728014,6037.060481,36,0.1070807583,0.5963138375,1,1,1
E3,5,1,heterogeneous_edges,3,1,5,1,1,1,0.35,inverse_length,0.001,77,`gtol` termination condition is satisfied.,True,0.0009389767678,6803.058342,33,0.0558610238,0.08027101831,1,1,1
E3,5,1,heterogeneous_edges,3,2,5,1,1,1,0.35,inverse_length,0.001,77,`ftol` termination condition is satisfied.,True,0.0007749532059,6564.723144,36,0.09108009356,0.1635571561,1,1,1
E3,5,1,constant_edge_mapping,0,0,5,1,1,1,0.08,constant,0.001,77,`gtol` termination condition is satisfied.,True,0.0009118211751,2374.012595,27,0.09642252527,0.07689694713,1,1,1
E3,5,1,constant_edge_mapping,0,1,5,1,1,1,0.08,constant,0.001,77,`gtol` termination condition is satisfied.,True,0.0009882324418,3668.658787,31,0.04366126431,0.3036569275,1,1,1
E3,5,1,constant_edge_mapping,0,2,5,1,1,1,0.08,constant,0.001,77,`gtol` termination condition is satisfied.,True,0.0008243063133,2851.655277,29,0.01883755354,0.2015584044,1,1,1
E3,5,1,constant_edge_mapping,1,0,5,1,1,1,0.08,constant,0.001,77,`gtol` termination condition is satisfied.,True,0.0009875339286,4112.703948,35,0.04807198258,0.2880092286,1,1,1
E3,5,1,constant_edge_mapping,1,1,5,1,1,1,0.08,constant,0.001,77,`gtol` termination condition is satisfied.,True,0.0008182153054,2902.062662,34,0.01973905795,0.1840150926,1,1,1
E3,5,1,constant_edge_mapping,1,2,5,1,1,1,0.08,constant,0.001,77,`gtol` termination condition is satisfied.,True,0.0008406586288,4020.189289,32,0.01762111047,0.4664697227,1,1,1
E3,5,1,constant_edge_mapping,2,0,5,1,1,1,0.08,constant,0.001,77,`gtol` termination condition is satisfied.,True,0.0008209170907,2859.190593,32,0.01967138948,0.1872944081,1,1,1
E3,5,1,constant_edge_mapping,2,1,5,1,1,1,0.08,constant,0.001,77,`gtol` termination condition is satisfied.,True,0.0008385465236,2803.241744,31,0.01975033593,0.4618790345,1,1,1
E3,5,1,constant_edge_mapping,2,2,5,1,1,1,0.08,constant,0.001,77,`gtol` termination condition is satisfied.,True,0.0008401597011,2841.968021,36,0.01702449175,0.3766908909,1,1,1
E3,5,1,constant_edge_mapping,3,0,5,1,1,1,0.08,constant,0.001,77,`gtol` termination condition is satisfied.,True,0.0008378017174,2982.429457,27,0.01931132488,0.4730284371,1,1,1
E3,5,1,constant_edge_mapping,3,1,5,1,1,1,0.08,constant,0.001,77,`gtol` termination condition is satisfied.,True,0.0008446362209,3156.963304,30,0.01766467584,0.3900055869,1,1,1
E3,5,1,constant_edge_mapping,3,2,5,1,1,1,0.08,constant,0.001,77,`gtol` termination condition is satisfied.,True,0.001055754013,3086.149509,27,0.08807711291,0.138349443,1,1,1
E4,5,0,reference,0,0,5,1,1,1,0.08,inverse_length,0.001,77,`gtol` termination condition is satisfied.,True,0.0009088542823,2354.330676,35,0.06425950535,0.0926426434,0.8,1,0.8888888889
E4,5,0,reference,0,1,5,1,1,1,0.08,inverse_length,0.001,77,`gtol` termination condition is satisfied.,True,0.001021782536,2655.573923,25,0.03260241598,0.02862703747,1,1,1
E4,5,0,reference,0,2,5,1,1,1,0.08,inverse_length,0.001,77,`gtol` termination condition is satisfied.,True,0.0008321835591,2797.632503,30,0.01742150796,0.1888922229,1,1,1
E4,5,0,reference,1,0,5,1,1,1,0.08,inverse_length,0.001,77,`gtol` termination condition is satisfied.,True,0.001011589501,2649.60755,24,0.03451574018,0.02668386551,1,1,1
E4,5,0,reference,1,1,5,1,1,1,0.08,inverse_length,0.001,77,`gtol` termination condition is satisfied.,True,0.0008379908071,2784.474141,27,0.01748295577,0.190330228,1,1,1
E4,5,0,reference,1,2,5,1,1,1,0.08,inverse_length,0.001,77,`gtol` termination condition is satisfied.,True,0.0008805446768,2383.518472,27,0.06610529804,0.08214491672,0.8,1,0.8888888889
E4,5,0,reference,2,0,5,1,1,1,0.08,inverse_length,0.001,77,`gtol` termination condition is satisfied.,True,0.0008420822684,3166.513069,32,0.01963405819,0.2225271689,1,1,1
E4,5,0,reference,2,1,5,1,1,1,0.08,inverse_length,0.001,77,`gtol` termination condition is satisfied.,True,0.000879728138,2665.690435,30,0.07293856201,0.08460173444,0.8,1,0.8888888889
E4,5,0,reference,2,2,5,1,1,1,0.08,inverse_length,0.001,77,`gtol` termination condition is satisfied.,True,0.0009656035703,3211.524218,28,0.01841276016,0.0919819085,1,1,1
E4,5,0,reference,3,0,5,1,1,1,0.08,inverse_length,0.001,77,`ftol` termination condition is satisfied.,True,0.0008826596686,2570.634477,35,0.07242464711,0.0757977372,0.8,1,0.8888888889
E4,5,0,reference,3,1,5,1,1,1,0.08,inverse_length,0.001,77,`gtol` termination condition is satisfied.,True,0.0009488442402,3127.435966,27,0.02125744292,0.07717797961,1,1,1
E4,5,0,reference,3,2,5,1,1,1,0.08,inverse_length,0.001,77,`gtol` termination condition is satisfied.,True,0.0008703950999,2572.256636,31,0.07077514218,0.1409682097,1,1,1
E4,5,0,low_stiffness,0,0,5,0.5,0.5,1,0.08,inverse_length,0.001,77,`gtol` termination condition is satisfied.,True,0.0009831441152,2565.473017,33,0.03903415628,0.1324151117,1,1,1
E4,5,0,low_stiffness,0,1,5,0.5,0.5,1,0.08,inverse_length,0.001,77,`ftol` termination condition is satisfied.,True,0.0009465782166,2917.139675,32,0.02659785091,0.2582707345,1,1,1
E4,5,0,low_stiffness,0,2,5,0.5,0.5,1,0.08,inverse_length,0.001,77,`gtol` termination condition is satisfied.,True,0.0008606695621,2709.86441,33,0.02082740819,0.09479262301,1,1,1
E4,5,0,low_stiffness,1,0,5,0.5,0.5,1,0.08,inverse_length,0.001,77,`ftol` termination condition is satisfied.,True,0.0009522402773,2276.68021,34,0.02103801817,0.2170668065,1,1,1
E4,5,0,low_stiffness,1,1,5,0.5,0.5,1,0.08,inverse_length,0.001,77,`gtol` termination condition is satisfied.,True,0.0008705728322,2158.485819,32,0.01491049644,0.06865547322,1,1,1
E4,5,0,low_stiffness,1,2,5,0.5,0.5,1,0.08,inverse_length,0.001,77,`gtol` termination condition is satisfied.,True,0.0009551454951,2133.517389,34,0.01809275141,0.1548319283,1,1,1
E4,5,0,low_stiffness,2,0,5,0.5,0.5,1,0.08,inverse_length,0.001,77,`gtol` termination condition is satisfied.,True,0.0008715066803,2461.225454,28,0.01760853222,0.0766620734,1,1,1
E4,5,0,low_stiffness,2,1,5,0.5,0.5,1,0.08,inverse_length,0.001,77,`gtol` termination condition is satisfied.,True,0.0009539238823,2433.24667,32,0.02232253843,0.1808406893,1,1,1
E4,5,0,low_stiffness,2,2,5,0.5,0.5,1,0.08,inverse_length,0.001,77,`gtol` termination condition is satisfied.,True,0.0009943675855,2075.850515,37,0.06665153932,0.09531928679,1,1,1
E4,5,0,low_stiffness,3,0,5,0.5,0.5,1,0.08,inverse_length,0.001,77,`gtol` termination condition is satisfied.,True,0.0009420974085,2799.726812,30,0.02115713324,0.186718854,1,1,1
E4,5,0,low_stiffness,3,1,5,0.5,0.5,1,0.08,inverse_length,0.001,77,`gtol` termination condition is satisfied.,True,0.000988613191,2321.104581,34,0.06696403102,0.1016034515,1,1,1
E4,5,0,low_stiffness,3,2,5,0.5,0.5,1,0.08,inverse_length,0.001,77,`gtol` termination condition is satisfied.,True,0.0008937425972,2750.067371,34,0.01830794089,0.1145828942,1,1,1
E4,5,0,high_stiffness,0,0,5,2,2,1,0.08,inverse_length,0.001,77,`gtol` termination condition is satisfied.,True,0.0008445277596,5712.220433,33,0.04977226945,0.237182005,0.8,1,0.8888888889
E4,5,0,high_stiffness,0,1,5,2,2,1,0.08,inverse_length,0.001,77,`gtol` termination condition is satisfied.,True,0.0009000255256,6252.06546,35,0.02957663656,0.1856480653,1,1,1
E4,5,0,high_stiffness,0,2,5,2,2,1,0.08,inverse_length,0.001,77,`gtol` termination condition is satisfied.,True,0.000779837411,6519.549613,34,0.02880603141,0.1365496477,0.8,1,0.8888888889
E4,5,0,high_stiffness,1,0,5,2,2,1,0.08,inverse_length,0.001,77,`gtol` termination condition is satisfied.,True,0.0008996716545,6759.128653,29,0.0335571987,0.2295239299,1,1,1
E4,5,0,high_stiffness,1,1,5,2,2,1,0.08,inverse_length,0.001,77,`gtol` termination condition is satisfied.,True,0.0007793030827,6934.608066,33,0.03583685547,0.153866311,0.8,1,0.8888888889
E4,5,0,high_stiffness,1,2,5,2,2,1,0.08,inverse_length,0.001,77,`gtol` termination condition is satisfied.,True,0.0007657444663,6617.157181,33,0.03312942256,0.2406722379,1,1,1
E4,5,0,high_stiffness,2,0,5,2,2,1,0.08,inverse_length,0.001,77,`gtol` termination condition is satisfied.,True,0.0007699600564,5054.166165,36,0.02459049796,0.1193438475,1,1,1
E4,5,0,high_stiffness,2,1,5,2,2,1,0.08,inverse_length,0.001,77,`ftol` termination condition is satisfied.,True,0.0007522912308,4738.13977,37,0.02742405831,0.199958292,1,1,1
E4,5,0,high_stiffness,2,2,5,2,2,1,0.08,inverse_length,0.001,77,`gtol` termination condition is satisfied.,True,0.0008153289044,4764.269632,32,0.02041384738,0.1631353995,0.8,1,0.8888888889
E4,5,0,high_stiffness,3,0,5,2,2,1,0.08,inverse_length,0.001,77,`gtol` termination condition is satisfied.,True,0.0007571539777,5155.218868,35,0.02949020674,0.2210795666,1,1,1
E4,5,0,high_stiffness,3,1,5,2,2,1,0.08,inverse_length,0.001,77,`gtol` termination condition is satisfied.,True,0.0008154846523,5194.847549,29,0.02209132645,0.174122251,0.8,1,0.8888888889
E4,5,0,high_stiffness,3,2,5,2,2,1,0.08,inverse_length,0.001,77,`gtol` termination condition is satisfied.,True,0.0007027636091,5348.625802,33,0.01762923658,0.1828424126,1,1,1
E4,5,0,low_storage,0,0,5,1,1,0.5,0.08,inverse_length,0.001,77,`gtol` termination condition is satisfied.,True,0.0008048228985,3141.237175,31,0.01444718041,0.2327231665,1,1,1
E4,5,0,low_storage,0,1,5,1,1,0.5,0.08,inverse_length,0.001,77,`gtol` termination condition is satisfied.,True,0.0008500895349,2960.398567,34,0.03170465954,0.2931201244,1,1,1
E4,5,0,low_storage,0,2,5,1,1,0.5,0.08,inverse_length,0.001,77,`gtol` termination condition is satisfied.,True,0.0009384368934,2743.397143,28,0.06028692749,0.1611033098,0.8,1,0.8888888889
E4,5,0,low_storage,1,0,5,1,1,0.5,0.08,inverse_length,0.001,77,`gtol` termination condition is satisfied.,True,0.000849631205,3135.385955,30,0.03462607937,0.3407021122,1,1,1
E4,5,0,low_storage,1,1,5,1,1,0.5,0.08,inverse_length,0.001,77,`gtol` termination condition is satisfied.,True,0.0009304102684,2951.156727,30,0.06356883716,0.1933435189,0.8,1,0.8888888889
E4,5,0,low_storage,1,2,5,1,1,0.5,0.08,inverse_length,0.001,77,`gtol` termination condition is satisfied.,True,0.0009861732941,2915.615036,29,0.05365106483,0.1503755201,0.8,1,0.8888888889
E4,5,0,low_storage,2,0,5,1,1,0.5,0.08,inverse_length,0.001,77,`gtol` termination condition is satisfied.,True,0.0009305626129,2401.5862,28,0.05659943107,0.1620347298,1,1,1
E4,5,0,low_storage,2,1,5,1,1,0.5,0.08,inverse_length,0.001,77,`gtol` termination condition is satisfied.,True,0.0009836496124,2371.073029,27,0.04802576936,0.1286523466,0.8,1,0.8888888889
E4,5,0,low_storage,2,2,5,1,1,0.5,0.08,inverse_length,0.001,77,`gtol` termination condition is satisfied.,True,0.0008983612229,2437.610841,35,0.04377241452,0.1235817488,0.8,1,0.8888888889
E4,5,0,low_storage,3,0,5,1,1,0.5,0.08,inverse_length,0.001,77,`ftol` termination condition is satisfied.,True,0.0009831198865,2559.169453,35,0.05160068819,0.1285752147,0.8,1,0.8888888889
E4,5,0,low_storage,3,1,5,1,1,0.5,0.08,inverse_length,0.001,77,`gtol` termination condition is satisfied.,True,0.0008967590095,2603.499238,36,0.04849590321,0.1412153036,0.8,1,0.8888888889
E4,5,0,low_storage,3,2,5,1,1,0.5,0.08,inverse_length,0.001,77,`gtol` termination condition is satisfied.,True,0.0008957619134,3070.495876,28,0.01756441842,0.4197370846,1,1,1
E4,5,0,high_storage,0,0,5,1,1,1.5,0.08,inverse_length,0.001,77,`ftol` termination condition is satisfied.,True,0.0008780478076,2699.814276,29,0.02661988412,0.08321562261,0.8,1,0.8888888889
E4,5,0,high_storage,0,1,5,1,1,1.5,0.08,inverse_length,0.001,77,`gtol` termination condition is satisfied.,True,0.0009929130495,2875.503127,31,0.01532835068,0.06340785069,1,1,1
E4,5,0,high_storage,0,2,5,1,1,1.5,0.08,inverse_length,0.001,77,`ftol` termination condition is satisfied.,True,0.0009640997641,2659.849509,30,0.03169598167,0.1563305524,1,1,1
E4,5,0,high_storage,1,0,5,1,1,1.5,0.08,inverse_length,0.001,77,`gtol` termination condition is satisfied.,True,0.000994856796,2682.735975,30,0.01524017121,0.06045733798,1,1,1
E4,5,0,high_storage,1,1,5,1,1,1.5,0.08,inverse_length,0.001,77,`ftol` termination condition is satisfied.,True,0.0009652404935,2513.464324,41,0.02783560532,0.1541726326,1,1,1
E4,5,0,high_storage,1,2,5,1,1,1.5,0.08,inverse_length,0.001,77,`gtol` termination condition is satisfied.,True,0.0007397189689,2286.075471,26,0.08212593378,0.05404155785,0.8,1,0.8888888889
E4,5,0,high_storage,2,0,5,1,1,1.5,0.08,inverse_length,0.001,77,`ftol` termination condition is satisfied.,True,0.0009632096492,2754.96215,27,0.03051575739,0.1704353141,1,1,1
E4,5,0,high_storage,2,1,5,1,1,1.5,0.08,inverse_length,0.001,77,`gtol` termination condition is satisfied.,True,0.0007411151841,2485.580088,24,0.08818134844,0.04706215037,0.8,1,0.8888888889
E4,5,0,high_storage,2,2,5,1,1,1.5,0.08,inverse_length,0.001,77,`gtol` termination condition is satisfied.,True,0.001042995652,2935.208252,31,0.01161706177,0.0937823786,1,1,1
E4,5,0,high_storage,3,0,5,1,1,1.5,0.08,inverse_length,0.001,77,`gtol` termination condition is satisfied.,True,0.0007428490637,2535.134888,27,0.09007170046,0.06295511825,0.8,1,0.8888888889
E4,5,0,high_storage,3,1,5,1,1,1.5,0.08,inverse_length,0.001,77,`gtol` termination condition is satisfied.,True,0.001036576942,3004.226014,35,0.01149965924,0.1010481361,1,1,1
E4,5,0,high_storage,3,2,5,1,1,1.5,0.08,inverse_length,0.001,77,`ftol` termination condition is satisfied.,True,0.0009552599938,2918.903563,36,0.02565966251,0.178563062,1,1,1
E4,5,0,low_edge_ratio,0,0,1.25,1,1,1,0.08,inverse_length,0.001,77,`ftol` termination condition is satisfied.,True,0.0009268282879,289154.6737,98,0.3399517458,0.4264509941,0.8,1,0.8888888889
E4,5,0,low_edge_ratio,0,1,1.25,1,1,1,0.08,inverse_length,0.001,77,`ftol` termination condition is satisfied.,True,0.001007324614,334288.9176,100,0.08058001668,0.7892895428,1,1,1
E4,5,0,low_edge_ratio,0,2,1.25,1,1,1,0.08,inverse_length,0.001,77,`ftol` termination condition is satisfied.,True,0.0008688339556,250867.2157,86,0.1481975213,0.5695016243,1,1,1
E4,5,0,low_edge_ratio,1,0,1.25,1,1,1,0.08,inverse_length,0.001,77,`gtol` termination condition is satisfied.,True,0.001000061175,323569.532,90,0.08242331241,0.7754412067,1,1,1
E4,5,0,low_edge_ratio,1,1,1.25,1,1,1,0.08,inverse_length,0.001,77,`ftol` termination condition is satisfied.,True,0.0008708837706,243857.7055,75,0.150172993,0.5953379835,1,1,1
E4,5,0,low_edge_ratio,1,2,1.25,1,1,1,0.08,inverse_length,0.001,77,`ftol` termination condition is satisfied.,True,0.0009744302305,346203.2451,88,0.192455861,0.505992039,1,1,1
E4,5,0,low_edge_ratio,2,0,1.25,1,1,1,0.08,inverse_length,0.001,77,`ftol` termination condition is satisfied.,True,0.0008688564176,313197.5467,102,0.1938654543,0.6544375164,0.8,1,0.8888888889
E4,5,0,low_edge_ratio,2,1,1.25,1,1,1,0.08,inverse_length,0.001,77,`gtol` termination condition is satisfied.,True,0.0009731088118,515037.955,117,0.3070913106,0.5794398473,1,1,1
E4,5,0,low_edge_ratio,2,2,1.25,1,1,1,0.08,inverse_length,0.001,77,`gtol` termination condition is satisfied.,True,0.0007164281177,96801.10379,107,0.4152460281,3.382604152,0.75,0.75,0.75
E4,5,0,low_edge_ratio,3,0,1.25,1,1,1,0.08,inverse_length,0.001,77,`ftol` termination condition is satisfied.,True,0.0009714291359,324973.8681,79,0.2210312627,0.5995188716,1,1,1
E4,5,0,low_edge_ratio,3,1,1.25,1,1,1,0.08,inverse_length,0.001,77,`gtol` termination condition is satisfied.,True,0.0007162141415,65206.96329,91,0.3511353136,2.388333375,0.75,0.75,0.75
E4,5,0,low_edge_ratio,3,2,1.25,1,1,1,0.08,inverse_length,0.001,77,`ftol` termination condition is satisfied.,True,0.0007900291204,19481.1868,72,0.1739043864,4.20897962,1,1,1
E4,5,0,high_edge_ratio,0,0,10,1,1,1,0.08,inverse_length,0.001,77,`ftol` termination condition is satisfied.,True,0.000914038708,1966.380866,27,0.06724156849,0.04279383029,0.8,1,0.8888888889
E4,5,0,high_edge_ratio,0,1,10,1,1,1,0.08,inverse_length,0.001,77,`ftol` termination condition is satisfied.,True,0.0009140799976,2359.582665,34,0.006907578329,0.05634237332,1,1,1
E4,5,0,high_edge_ratio,0,2,10,1,1,1,0.08,inverse_length,0.001,77,`gtol` termination condition is satisfied.,True,0.001069386918,2367.832704,32,0.008843186075,0.06552680749,1,1,1
E4,5,0,high_edge_ratio,1,0,10,1,1,1,0.08,inverse_length,0.001,77,`gtol` termination condition is satisfied.,True,0.000913203395,2764.597326,29,0.008412341052,0.06794857877,1,1,1
E4,5,0,high_edge_ratio,1,1,10,1,1,1,0.08,inverse_length,0.001,77,`gtol` termination condition is satisfied.,True,0.00103559264,2770.092574,33,0.01015522829,0.07867549374,1,1,1
E4,5,0,high_edge_ratio,1,2,10,1,1,1,0.08,inverse_length,0.001,77,`gtol` termination condition is satisfied.,True,0.001099708861,2625.454345,27,0.03575252743,0.2151448307,0.8,1,0.8888888889
E4,5,0,high_edge_ratio,2,0,10,1,1,1,0.08,inverse_length,0.001,77,`gtol` termination condition is satisfied.,True,0.001051899926,3036.19283,30,0.01068935927,0.08790043172,1,1,1
E4,5,0,high_edge_ratio,2,1,10,1,1,1,0.08,inverse_length,0.001,77,`gtol` termination condition is satisfied.,True,0.001102438626,2847.477253,25,0.03908834513,0.2317114061,0.8,1,0.8888888889
E4,5,0,high_edge_ratio,2,2,10,1,1,1,0.08,inverse_length,0.001,77,`ftol` termination condition is satisfied.,True,0.0008372632185,2955.571591,29,0.01532189764,0.1936341716,0.8,1,0.8888888889
E4,5,0,high_edge_ratio,3,0,10,1,1,1,0.08,inverse_length,0.001,77,`ftol` termination condition is satisfied.,True,0.001107685596,2132.93846,25,0.02926691375,0.18814748,0.8,1,0.8888888889
E4,5,0,high_edge_ratio,3,1,10,1,1,1,0.08,inverse_length,0.001,77,`gtol` termination condition is satisfied.,True,0.0008334303381,2181.873189,31,0.01161240276,0.159248848,1,1,1
E4,5,0,high_edge_ratio,3,2,10,1,1,1,0.08,inverse_length,0.001,77,`ftol` termination condition is satisfied.,True,0.0007939149448,2034.521286,26,0.04025074018,0.08611390789,1,1,1
E4,5,0,heterogeneous_edges,0,0,5,1,1,1,0.35,inverse_length,0.001,77,`gtol` termination condition is satisfied.,True,0.0009408187977,3609.249395,35,0.03194840451,0.4042137886,0.8,1,0.8888888889
E4,5,0,heterogeneous_edges,0,1,5,1,1,1,0.35,inverse_length,0.001,77,`gtol` termination condition is satisfied.,True,0.00117667049,3410.980342,29,0.03254929301,0.2008885433,1,1,1
E4,5,0,heterogeneous_edges,0,2,5,1,1,1,0.35,inverse_length,0.001,77,`gtol` termination condition is satisfied.,True,0.001038172719,3357.480184,34,0.05819800739,0.4213489068,1,1,1
E4,5,0,heterogeneous_edges,1,0,5,1,1,1,0.35,inverse_length,0.001,77,`ftol` termination condition is satisfied.,True,0.001177777782,3610.412558,28,0.02875461297,0.1926173309,1,1,1
E4,5,0,heterogeneous_edges,1,1,5,1,1,1,0.35,inverse_length,0.001,77,`gtol` termination condition is satisfied.,True,0.0010279444,3715.260754,31,0.03056069866,0.2170876951,1,1,1
E4,5,0,heterogeneous_edges,1,2,5,1,1,1,0.35,inverse_length,0.001,77,`gtol` termination condition is satisfied.,True,0.0007985810184,3593.915345,25,0.03531353724,0.05305311501,0.8,1,0.8888888889
E4,5,0,heterogeneous_edges,2,0,5,1,1,1,0.35,inverse_length,0.001,77,`ftol` termination condition is satisfied.,True,0.001036032484,4028.430476,32,0.04356882977,0.3063402183,1,1,1
E4,5,0,heterogeneous_edges,2,1,5,1,1,1,0.35,inverse_length,0.001,77,`gtol` termination condition is satisfied.,True,0.0007962409556,3901.22743,30,0.04503309475,0.06242738069,0.8,1,0.8888888889
E4,5,0,heterogeneous_edges,2,2,5,1,1,1,0.35,inverse_length,0.001,77,`gtol` termination condition is satisfied.,True,0.0008950601236,4593.243048,35,0.02132600579,0.1436296641,1,1,1
E4,5,0,heterogeneous_edges,3,0,5,1,1,1,0.35,inverse_length,0.001,77,`gtol` termination condition is satisfied.,True,0.000794775195,2088.596811,27,0.02021783249,0.03752561834,1,1,1
E4,5,0,heterogeneous_edges,3,1,5,1,1,1,0.35,inverse_length,0.001,77,`ftol` termination condition is satisfied.,True,0.0008929034112,2174.068432,33,0.01799572613,0.08738446713,1,1,1
E4,5,0,heterogeneous_edges,3,2,5,1,1,1,0.35,inverse_length,0.001,77,`gtol` termination condition is satisfied.,True,0.001005012429,1976.170584,30,0.05528199772,0.1759815377,1,1,1
E4,5,0,constant_edge_mapping,0,0,5,1,1,1,0.08,constant,0.001,77,`gtol` termination condition is satisfied.,True,0.0008600069674,2759.765072,32,0.0230557789,0.1982538578,1,1,1
E4,5,0,constant_edge_mapping,0,1,5,1,1,1,0.08,constant,0.001,77,`ftol` termination condition is satisfied.,True,0.0009882610637,2606.896916,28,0.05184829591,0.1915005048,1,1,1
E4,5,0,constant_edge_mapping,0,2,5,1,1,1,0.08,constant,0.001,77,`gtol` termination condition is satisfied.,True,0.0008558855923,2661.05027,32,0.03298652729,0.06184639163,1,1,1
E4,5,0,constant_edge_mapping,1,0,5,1,1,1,0.08,constant,0.001,77,`gtol` termination condition is satisfied.,True,0.0009878556923,2605.100418,30,0.04814326649,0.1872879825,1,1,1
E4,5,0,constant_edge_mapping,1,1,5,1,1,1,0.08,constant,0.001,77,`ftol` termination condition is satisfied.,True,0.0008535316457,2678.064113,33,0.0315057751,0.06016315497,1,1,1
E4,5,0,constant_edge_mapping,1,2,5,1,1,1,0.08,constant,0.001,77,`gtol` termination condition is satisfied.,True,0.000998176384,2568.847162,28,0.05377218239,0.08816984669,1,1,1
E4,5,0,constant_edge_mapping,2,0,5,1,1,1,0.08,constant,0.001,77,`gtol` termination condition is satisfied.,True,0.0008513062551,2270.602296,33,0.0280564331,0.04780481455,1,1,1
E4,5,0,constant_edge_mapping,2,1,5,1,1,1,0.08,constant,0.001,77,`gtol` termination condition is satisfied.,True,0.001004399392,2193.997876,30,0.0472244697,0.07951652872,1,1,1
E4,5,0,constant_edge_mapping,2,2,5,1,1,1,0.08,constant,0.001,77,`ftol` termination condition is satisfied.,True,0.0009416600633,2054.893372,35,0.06067649895,0.2272899674,0.8,1,0.8888888889
E4,5,0,constant_edge_mapping,3,0,5,1,1,1,0.08,constant,0.001,77,`gtol` termination condition is satisfied.,True,0.001001434101,2465.417104,27,0.05171459065,0.08103069463,1,1,1
E4,5,0,constant_edge_mapping,3,1,5,1,1,1,0.08,constant,0.001,77,`ftol` termination condition is satisfied.,True,0.000944896187,2308.276547,31,0.06569687065,0.2485711624,0.8,1,0.8888888889
E4,5,0,constant_edge_mapping,3,2,5,1,1,1,0.08,constant,0.001,77,`gtol` termination condition is satisfied.,True,0.0007434178328,2674.653175,31,0.006901138384,0.1069558889,1,1,1
E5,5,1,reference,0,0,5,1,1,1,0.08,inverse_length,0.001,77,`gtol` termination condition is satisfied.,True,0.0008911013279,410.9286917,23,0.009397306355,0.03297257636,1,1,1
E5,5,1,reference,0,1,5,1,1,1,0.08,inverse_length,0.001,77,`gtol` termination condition is satisfied.,True,0.000805725989,418.3920783,19,0.008507449538,0.01787431287,1,1,1
E5,5,1,reference,0,2,5,1,1,1,0.08,inverse_length,0.001,77,`gtol` termination condition is satisfied.,True,0.0009362459217,408.1097758,21,0.01096026379,0.02383589693,1,1,1
E5,5,1,reference,1,0,5,1,1,1,0.08,inverse_length,0.001,77,`gtol` termination condition is satisfied.,True,0.0008042876739,405.4962162,19,0.008732640258,0.01843124796,1,1,1
E5,5,1,reference,1,1,5,1,1,1,0.08,inverse_length,0.001,77,`gtol` termination condition is satisfied.,True,0.0009353067218,395.6259381,21,0.01078188375,0.02462235424,1,1,1
E5,5,1,reference,1,2,5,1,1,1,0.08,inverse_length,0.001,77,`gtol` termination condition is satisfied.,True,0.0008969950672,400.3546717,19,0.007029043419,0.02671078281,1,1,1
E5,5,1,reference,2,0,5,1,1,1,0.08,inverse_length,0.001,77,`gtol` termination condition is satisfied.,True,0.0009379942635,377.413686,20,0.01079083217,0.02445595239,1,1,1
E5,5,1,reference,2,1,5,1,1,1,0.08,inverse_length,0.001,77,`gtol` termination condition is satisfied.,True,0.0008913308321,382.1111488,21,0.007643637521,0.02844969951,1,1,1
E5,5,1,reference,2,2,5,1,1,1,0.08,inverse_length,0.001,77,`gtol` termination condition is satisfied.,True,0.0007129707145,378.7247876,19,0.006268797915,0.04155290647,1,1,1
E5,5,1,reference,3,0,5,1,1,1,0.08,inverse_length,0.001,77,`gtol` termination condition is satisfied.,True,0.0008947522369,381.1183177,21,0.007168310117,0.02616183359,1,1,1
E5,5,1,reference,3,1,5,1,1,1,0.08,inverse_length,0.001,77,`gtol` termination condition is satisfied.,True,0.0007163915294,376.9984131,21,0.006103706893,0.04040852631,1,1,1
E5,5,1,reference,3,2,5,1,1,1,0.08,inverse_length,0.001,77,`gtol` termination condition is satisfied.,True,0.0008261393378,381.0263023,20,0.007599514192,0.04055896583,1,1,1
E5,5,1,low_stiffness,0,0,5,0.5,0.5,1,0.08,inverse_length,0.001,77,`ftol` termination condition is satisfied.,True,0.000922523176,237.3467072,18,0.01223897042,0.0352923361,1,1,1
E5,5,1,low_stiffness,0,1,5,0.5,0.5,1,0.08,inverse_length,0.001,77,`ftol` termination condition is satisfied.,True,0.0009725445335,247.2241306,25,0.006993276285,0.02146044237,1,1,1
E5,5,1,low_stiffness,0,2,5,0.5,0.5,1,0.08,inverse_length,0.001,77,`gtol` termination condition is satisfied.,True,0.000913120181,243.3253308,25,0.007259045571,0.04127216084,1,1,1
E5,5,1,low_stiffness,1,0,5,0.5,0.5,1,0.08,inverse_length,0.001,77,`gtol` termination condition is satisfied.,True,0.0009707035079,264.4072495,23,0.008062795698,0.02470996529,1,1,1
E5,5,1,low_stiffness,1,1,5,0.5,0.5,1,0.08,inverse_length,0.001,77,`gtol` termination condition is satisfied.,True,0.0009190918688,261.6240214,19,0.007430153496,0.04436472772,1,1,1
E5,5,1,low_stiffness,1,2,5,0.5,0.5,1,0.08,inverse_length,0.001,77,`gtol` termination condition is satisfied.,True,0.00103929921,250.6376912,20,0.009251083484,0.01588226726,1,1,1
E5,5,1,low_stiffness,2,0,5,0.5,0.5,1,0.08,inverse_length,0.001,77,`ftol` termination condition is satisfied.,True,0.0009149358146,228.1834613,21,0.006774881009,0.03938980098,1,1,1
E5,5,1,low_stiffness,2,1,5,0.5,0.5,1,0.08,inverse_length,0.001,77,`gtol` termination condition is satisfied.,True,0.001026027427,217.6429884,22,0.008246851329,0.01609945398,1,1,1
E5,5,1,low_stiffness,2,2,5,0.5,0.5,1,0.08,inverse_length,0.001,77,`gtol` termination condition is satisfied.,True,0.0008430282209,235.2236385,20,0.004702908118,0.02408080576,1,1,1
E5,5,1,low_stiffness,3,0,5,0.5,0.5,1,0.08,inverse_length,0.001,77,`gtol` termination condition is satisfied.,True,0.001032821771,286.6946266,22,0.01064338122,0.01812474031,1,1,1
E5,5,1,low_stiffness,3,1,5,0.5,0.5,1,0.08,inverse_length,0.001,77,`ftol` termination condition is satisfied.,True,0.0008441408541,308.7939304,22,0.005721782812,0.02824146691,1,1,1
E5,5,1,low_stiffness,3,2,5,0.5,0.5,1,0.08,inverse_length,0.001,77,`ftol` termination condition is satisfied.,True,0.0008986299814,308.2812965,23,0.007606411024,0.0387079808,1,1,1
E5,5,1,high_stiffness,0,0,5,2,2,1,0.08,inverse_length,0.001,77,`gtol` termination condition is satisfied.,True,0.0009082682923,1091.328861,34,0.01650829358,0.03980715966,1,1,1
E5,5,1,high_stiffness,0,1,5,2,2,1,0.08,inverse_length,0.001,77,`gtol` termination condition is satisfied.,True,0.0007750625086,1064.611866,32,0.01711452572,0.04899299157,1,1,1
E5,5,1,high_stiffness,0,2,5,2,2,1,0.08,inverse_length,0.001,77,`gtol` termination condition is satisfied.,True,0.0009129739402,1104.216537,33,0.00945410519,0.03826370138,1,1,1
E5,5,1,high_stiffness,1,0,5,2,2,1,0.08,inverse_length,0.001,77,`ftol` termination condition is satisfied.,True,0.0007808219064,1002.373678,28,0.01899438761,0.0408395703,1,1,1
E5,5,1,high_stiffness,1,1,5,2,2,1,0.08,inverse_length,0.001,77,`gtol` termination condition is satisfied.,True,0.0009027514887,1045.183174,29,0.01040990778,0.02843744084,1,1,1
E5,5,1,high_stiffness,1,2,5,2,2,1,0.08,inverse_length,0.001,77,`ftol` termination condition is satisfied.,True,0.0007961961353,1061.905847,30,0.009264038753,0.03619505174,1,1,1
E5,5,1,high_stiffness,2,0,5,2,2,1,0.08,inverse_length,0.001,77,`gtol` termination condition is satisfied.,True,0.0009162943131,969.8780692,27,0.008090324402,0.02965944091,1,1,1
E5,5,1,high_stiffness,2,1,5,2,2,1,0.08,inverse_length,0.001,77,`gtol` termination condition is satisfied.,True,0.0007719669856,973.8605047,33,0.008027394487,0.03801839687,1,1,1
E5,5,1,high_stiffness,2,2,5,2,2,1,0.08,inverse_length,0.001,77,`gtol` termination condition is satisfied.,True,0.0007685860983,970.3738045,30,0.007956440629,0.0775811516,1,1,1
E5,5,1,high_stiffness,3,0,5,2,2,1,0.08,inverse_length,0.001,77,`ftol` termination condition is satisfied.,True,0.0007774804637,1081.097718,28,0.009010630672,0.03682179737,1,1,1
E5,5,1,high_stiffness,3,1,5,2,2,1,0.08,inverse_length,0.001,77,`gtol` termination condition is satisfied.,True,0.0007692068735,1073.557665,27,0.008579206319,0.07617691779,1,1,1
E5,5,1,high_stiffness,3,2,5,2,2,1,0.08,inverse_length,0.001,77,`gtol` termination condition is satisfied.,True,0.0009644356179,1112.212568,26,0.008205399684,0.03534108137,1,1,1
E5,5,1,low_storage,0,0,5,1,1,0.5,0.08,inverse_length,0.001,77,`gtol` termination condition is satisfied.,True,0.0008282315491,367.8852533,23,0.008168748263,0.02577070209,1,1,1
E5,5,1,low_storage,0,1,5,1,1,0.5,0.08,inverse_length,0.001,77,`gtol` termination condition is satisfied.,True,0.0007412272001,353.0095894,20,0.01492201223,0.0258342973,1,1,1
E5,5,1,low_storage,0,2,5,1,1,0.5,0.08,inverse_length,0.001,77,`ftol` termination condition is satisfied.,True,0.0007151793039,358.6846285,22,0.004941782302,0.03588720904,1,1,1
E5,5,1,low_storage,1,0,5,1,1,0.5,0.08,inverse_length,0.001,77,`gtol` termination condition is satisfied.,True,0.0007379887946,325.8127294,20,0.01414352355,0.0237687382,1,1,1
E5,5,1,low_storage,1,1,5,1,1,0.5,0.08,inverse_length,0.001,77,`gtol` termination condition is satisfied.,True,0.0007169578926,331.3083071,24,0.004664654102,0.03265292124,1,1,1
E5,5,1,low_storage,1,2,5,1,1,0.5,0.08,inverse_length,0.001,77,`gtol` termination condition is satisfied.,True,0.0009028330982,328.2179863,19,0.008005929457,0.0428793523,1,1,1
E5,5,1,low_storage,2,0,5,1,1,0.5,0.08,inverse_length,0.001,77,`gtol` termination condition is satisfied.,True,0.0007144326112,372.4840848,24,0.005100647558,0.03697288781,1,1,1
E5,5,1,low_storage,2,1,5,1,1,0.5,0.08,inverse_length,0.001,77,`ftol` termination condition is satisfied.,True,0.0008947636951,369.5169894,22,0.008996069106,0.05060433404,1,1,1
E5,5,1,low_storage,2,2,5,1,1,0.5,0.08,inverse_length,0.001,77,`gtol` termination condition is satisfied.,True,0.0007053632368,374.7365252,22,0.01446989995,0.09883453924,1,1,1
E5,5,1,low_storage,3,0,5,1,1,0.5,0.08,inverse_length,0.001,77,`gtol` termination condition is satisfied.,True,0.0008963535678,389.6935032,21,0.008624808235,0.05020130268,1,1,1
E5,5,1,low_storage,3,1,5,1,1,0.5,0.08,inverse_length,0.001,77,`gtol` termination condition is satisfied.,True,0.0007046412197,392.5481304,21,0.01556853152,0.1033192769,1,1,1
E5,5,1,low_storage,3,2,5,1,1,0.5,0.08,inverse_length,0.001,77,`gtol` termination condition is satisfied.,True,0.0009791847532,395.0414704,21,0.01121557891,0.08726714338,1,1,1
E5,5,1,high_storage,0,0,5,1,1,1.5,0.08,inverse_length,0.001,77,`gtol` termination condition is satisfied.,True,0.0007662106446,432.2291671,22,0.008024915901,0.02863909911,1,1,1
E5,5,1,high_storage,0,1,5,1,1,1.5,0.08,inverse_length,0.001,77,`gtol` termination condition is satisfied.,True,0.0009382643422,404.9081498,19,0.02703387522,0.03077312815,1,1,1
E5,5,1,high_storage,0,2,5,1,1,1.5,0.08,inverse_length,0.001,77,`gtol` termination condition is satisfied.,True,0.0009515324046,436.1229638,20,0.01006284758,0.05718039691,1,1,1
E5,5,1,high_storage,1,0,5,1,1,1.5,0.08,inverse_length,0.001,77,`gtol` termination condition is satisfied.,True,0.0009405523132,389.4572134,21,0.02472671018,0.03043554072,1,1,1
E5,5,1,high_storage,1,1,5,1,1,1.5,0.08,inverse_length,0.001,77,`gtol` termination condition is satisfied.,True,0.0009449551791,418.03779,25,0.009759236015,0.05406116392,1,1,1
E5,5,1,high_storage,1,2,5,1,1,1.5,0.08,inverse_length,0.001,77,`gtol` termination condition is satisfied.,True,0.0007650099886,421.7781609,23,0.00247548484,0.00629953863,1,1,1
E5,5,1,high_storage,2,0,5,1,1,1.5,0.08,inverse_length,0.001,77,`gtol` termination condition is satisfied.,True,0.0009486048395,476.3197966,21,0.01081041947,0.0630275663,1,1,1
E5,5,1,high_storage,2,1,5,1,1,1.5,0.08,inverse_length,0.001,77,`ftol` termination condition is satisfied.,True,0.0007690177006,481.0261396,23,0.002888371893,0.006528954925,1,1,1
E5,5,1,high_storage,2,2,5,1,1,1.5,0.08,inverse_length,0.001,77,`gtol` termination condition is satisfied.,True,0.0007721223386,483.2665938,21,0.008053202525,0.02034818387,1,1,1
E5,5,1,high_storage,3,0,5,1,1,1.5,0.08,inverse_length,0.001,77,`gtol` termination condition is satisfied.,True,0.0007627658889,378.2904975,21,0.002503426568,0.006354848664,1,1,1
E5,5,1,high_storage,3,1,5,1,1,1.5,0.08,inverse_length,0.001,77,`gtol` termination condition is satisfied.,True,0.000769418251,379.8290239,19,0.006983490015,0.01975095355,1,1,1
E5,5,1,high_storage,3,2,5,1,1,1.5,0.08,inverse_length,0.001,77,`ftol` termination condition is satisfied.,True,0.0008926579484,352.3342659,16,0.01692031588,0.03045688245,1,1,1
E5,5,1,low_edge_ratio,0,0,1.25,1,1,1,0.08,inverse_length,0.001,77,`gtol` termination condition is satisfied.,True,0.0008122890631,1432.758284,20,0.01447575774,0.05536001862,1,1,1
E5,5,1,low_edge_ratio,0,1,1.25,1,1,1,0.08,inverse_length,0.001,77,`gtol` termination condition is satisfied.,True,0.0009036076399,1546.681923,21,0.03904835821,0.1405318624,1,1,1
E5,5,1,low_edge_ratio,0,2,1.25,1,1,1,0.08,inverse_length,0.001,77,`ftol` termination condition is satisfied.,True,0.0009166286334,1249.447067,18,0.03985853302,0.3406540805,1,1,1
E5,5,1,low_edge_ratio,1,0,1.25,1,1,1,0.08,inverse_length,0.001,77,`gtol` termination condition is satisfied.,True,0.0009041689711,1639.894003,24,0.04405029048,0.145887858,1,1,1
E5,5,1,low_edge_ratio,1,1,1.25,1,1,1,0.08,inverse_length,0.001,77,`gtol` termination condition is satisfied.,True,0.0009131567388,1282.724696,21,0.04569001214,0.3304422493,1,1,1
E5,5,1,low_edge_ratio,1,2,1.25,1,1,1,0.08,inverse_length,0.001,77,`ftol` termination condition is satisfied.,True,0.0009762296951,1641.569866,26,0.02332226696,0.07326976837,1,1,1
E5,5,1,low_edge_ratio,2,0,1.25,1,1,1,0.08,inverse_length,0.001,77,`ftol` termination condition is satisfied.,True,0.0009118044574,1117.266462,21,0.03684594376,0.243701982,1,1,1
E5,5,1,low_edge_ratio,2,1,1.25,1,1,1,0.08,inverse_length,0.001,77,`ftol` termination condition is satisfied.,True,0.0009741521147,1531.284506,23,0.01831204815,0.06841948615,1,1,1
E5,5,1,low_edge_ratio,2,2,1.25,1,1,1,0.08,inverse_length,0.001,77,`gtol` termination condition is satisfied.,True,0.0007510454874,1563.015242,28,0.01996635929,0.04554946609,1,1,1
E5,5,1,low_edge_ratio,3,0,1.25,1,1,1,0.08,inverse_length,0.001,77,`ftol` termination condition is satisfied.,True,0.000976072582,1408.522254,21,0.02079792418,0.07540662345,1,1,1
E5,5,1,low_edge_ratio,3,1,1.25,1,1,1,0.08,inverse_length,0.001,77,`gtol` termination condition is satisfied.,True,0.0007545557524,1445.711684,21,0.0196180749,0.04843761843,1,1,1
E5,5,1,low_edge_ratio,3,2,1.25,1,1,1,0.08,inverse_length,0.001,77,`gtol` termination condition is satisfied.,True,0.0009915193194,1179.413452,20,0.01974139178,0.07835499172,1,1,1
E5,5,1,high_edge_ratio,0,0,10,1,1,1,0.08,inverse_length,0.001,77,`gtol` termination condition is satisfied.,True,0.0008778262656,545.894529,33,0.01011910789,0.07126080961,1,1,1
E5,5,1,high_edge_ratio,0,1,10,1,1,1,0.08,inverse_length,0.001,77,`ftol` termination condition is satisfied.,True,0.0008554228708,545.7307333,25,0.005889845846,0.05755341774,1,1,1
E5,5,1,high_edge_ratio,0,2,10,1,1,1,0.08,inverse_length,0.001,77,`xtol` termination condition is satisfied.,True,0.001106302099,549.0890866,33,0.007503728624,0.06145618077,1,1,1
E5,5,1,high_edge_ratio,1,0,10,1,1,1,0.08,inverse_length,0.001,77,`gtol` termination condition is satisfied.,True,0.0008433925954,527.7155307,26,0.006197183338,0.05407706006,1,1,1
E5,5,1,high_edge_ratio,1,1,10,1,1,1,0.08,inverse_length,0.001,77,`ftol` termination condition is satisfied.,True,0.001108296492,532.0281219,28,0.007543788258,0.06078086479,1,1,1
E5,5,1,high_edge_ratio,1,2,10,1,1,1,0.08,inverse_length,0.001,77,`ftol` termination condition is satisfied.,True,0.0008011494687,529.4489461,26,0.009092344373,0.01759995647,1,1,1
E5,5,1,high_edge_ratio,2,0,10,1,1,1,0.08,inverse_length,0.001,77,`ftol` termination condition is satisfied.,True,0.001103188863,549.6440987,28,0.007379392725,0.06285538473,1,1,1
E5,5,1,high_edge_ratio,2,1,10,1,1,1,0.08,inverse_length,0.001,77,`gtol` termination condition is satisfied.,True,0.0008114303114,547.5095956,23,0.009579366406,0.0207264567,1,1,1
E5,5,1,high_edge_ratio,2,2,10,1,1,1,0.08,inverse_length,0.001,77,`ftol` termination condition is satisfied.,True,0.0009644214,532.8759785,23,0.01629455951,0.02595722935,1,1,1
E5,5,1,high_edge_ratio,3,0,10,1,1,1,0.08,inverse_length,0.001,77,`ftol` termination condition is satisfied.,True,0.0008013349767,674.6396894,22,0.01017143574,0.02254666339,1,1,1
E5,5,1,high_edge_ratio,3,1,10,1,1,1,0.08,inverse_length,0.001,77,`ftol` termination condition is satisfied.,True,0.0009650472726,656.7284892,23,0.01749677372,0.02698402119,1,1,1
E5,5,1,high_edge_ratio,3,2,10,1,1,1,0.08,inverse_length,0.001,77,`gtol` termination condition is satisfied.,True,0.0007646821284,641.6438684,22,0.0231718013,0.01674870917,0.8333333333,1,0.9090909091
E5,5,1,heterogeneous_edges,0,0,5,1,1,1,0.35,inverse_length,0.001,77,`gtol` termination condition is satisfied.,True,0.0007658174875,286.8934867,25,0.007883371764,0.03765614617,1,1,1
E5,5,1,heterogeneous_edges,0,1,5,1,1,1,0.35,inverse_length,0.001,77,`gtol` termination condition is satisfied.,True,0.0007978815621,287.9579786,22,0.005970255132,0.02534960074,1,1,1
E5,5,1,heterogeneous_edges,0,2,5,1,1,1,0.35,inverse_length,0.001,77,`ftol` termination condition is satisfied.,True,0.0007321132448,281.0648467,23,0.004262804556,0.04610166216,1,1,1
E5,5,1,heterogeneous_edges,1,0,5,1,1,1,0.35,inverse_length,0.001,77,`gtol` termination condition is satisfied.,True,0.000753396414,381.2740114,27,0.004954538149,0.02530438794,1,1,1
E5,5,1,heterogeneous_edges,1,1,5,1,1,1,0.35,inverse_length,0.001,77,`ftol` termination condition is satisfied.,True,0.0006755866525,374.6116384,30,0.003562544271,0.05195345246,1,1,1
E5,5,1,heterogeneous_edges,1,2,5,1,1,1,0.35,inverse_length,0.001,77,`xtol` termination condition is satisfied.,True,0.0009158541603,365.1247651,27,0.0110135957,0.01764074998,1,1,1
E5,5,1,heterogeneous_edges,2,0,5,1,1,1,0.35,inverse_length,0.001,77,`ftol` termination condition is satisfied.,True,0.0007304829424,356.0367463,25,0.003948467912,0.05331387756,1,1,1
E5,5,1,heterogeneous_edges,2,1,5,1,1,1,0.35,inverse_length,0.001,77,`ftol` termination condition is satisfied.,True,0.0009733059752,343.714282,22,0.01390074228,0.02290737706,1,1,1
E5,5,1,heterogeneous_edges,2,2,5,1,1,1,0.35,inverse_length,0.001,77,`ftol` termination condition is satisfied.,True,0.0009199212769,367.3877274,25,0.004560341026,0.02318214081,1,1,1
E5,5,1,heterogeneous_edges,3,0,5,1,1,1,0.35,inverse_length,0.001,77,`gtol` termination condition is satisfied.,True,0.001016729247,674.957686,19,0.02154808158,0.05068646272,1,1,1
E5,5,1,heterogeneous_edges,3,1,5,1,1,1,0.35,inverse_length,0.001,77,`gtol` termination condition is satisfied.,True,0.0009346475384,727.7262485,19,0.009599865004,0.04430178234,1,1,1
E5,5,1,heterogeneous_edges,3,2,5,1,1,1,0.35,inverse_length,0.001,77,`ftol` termination condition is satisfied.,True,0.000809836645,665.7074309,19,0.03009496739,0.03021564472,1,1,1
E5,5,1,constant_edge_mapping,0,0,5,1,1,1,0.08,constant,0.001,77,`ftol` termination condition is satisfied.,True,0.000855894194,392.3462433,23,0.00725131696,0.04122041674,1,1,1
E5,5,1,constant_edge_mapping,0,1,5,1,1,1,0.08,constant,0.001,77,`gtol` termination condition is satisfied.,True,0.0008241906538,389.5271581,20,0.01122593064,0.06935445439,1,1,1
E5,5,1,constant_edge_mapping,0,2,5,1,1,1,0.08,constant,0.001,77,`gtol` termination condition is satisfied.,True,0.00087689322,382.3231488,21,0.00933028854,0.03822952781,1,1,1
E5,5,1,constant_edge_mapping,1,0,5,1,1,1,0.08,constant,0.001,77,`gtol` termination condition is satisfied.,True,0.0008223310975,414.6801279,21,0.009933885335,0.07287425504,1,1,1
E5,5,1,constant_edge_mapping,1,1,5,1,1,1,0.08,constant,0.001,77,`gtol` termination condition is satisfied.,True,0.0008780572598,404.3343886,20,0.009893941383,0.03911505519,1,1,1
E5,5,1,constant_edge_mapping,1,2,5,1,1,1,0.08,constant,0.001,77,`gtol` termination condition is satisfied.,True,0.0008831145942,419.9067858,20,0.006589394105,0.02697195369,1,1,1
E5,5,1,constant_edge_mapping,2,0,5,1,1,1,0.08,constant,0.001,77,`gtol` termination condition is satisfied.,True,0.0008825481314,379.5623962,20,0.009844041987,0.03692919494,1,1,1
E5,5,1,constant_edge_mapping,2,1,5,1,1,1,0.08,constant,0.001,77,`gtol` termination condition is satisfied.,True,0.0008783809139,394.6506106,21,0.006667143128,0.0273610145,1,1,1
E5,5,1,constant_edge_mapping,2,2,5,1,1,1,0.08,constant,0.001,77,`gtol` termination condition is satisfied.,True,0.0008594727636,380.0529106,20,0.01270249198,0.04288941312,1,1,1
E5,5,1,constant_edge_mapping,3,0,5,1,1,1,0.08,constant,0.001,77,`gtol` termination condition is satisfied.,True,0.0008851721576,445.9298341,19,0.00671833772,0.02810727271,1,1,1
E5,5,1,constant_edge_mapping,3,1,5,1,1,1,0.08,constant,0.001,77,`ftol` termination condition is satisfied.,True,0.0008659581137,427.9110744,20,0.01423011352,0.04254288669,1,1,1
E5,5,1,constant_edge_mapping,3,2,5,1,1,1,0.08,constant,0.001,77,`gtol` termination condition is satisfied.,True,0.0007645100447,434.112024,22,0.01204229407,0.01909922665,1,1,1
