"File","URL","Length","SHA256"
"README.md","https://raw.githubusercontent.com/elejeune11/Sarc-Graph/ff3d6657654747b1d48bd28c1bdd677ac6c38a27/README.md","7021","F1BEBF884D1F96891045558D821DE89D918EF170FE7DDBA409EFA0B466521516"
"LICENSE","https://raw.githubusercontent.com/elejeune11/Sarc-Graph/ff3d6657654747b1d48bd28c1bdd677ac6c38a27/LICENSE","1067","EFFD58D040DC95737EABC5156C615B1BFBE676D7D47244270A98188F2EB1EFCF"
"requirements.txt","https://raw.githubusercontent.com/elejeune11/Sarc-Graph/ff3d6657654747b1d48bd28c1bdd677ac6c38a27/requirements.txt","900","5DB941CB73C65071B1C97D54EA6B4FABD5E5DA2410BC1D8B50B8240729C61E55"
"run_code.py","https://raw.githubusercontent.com/elejeune11/Sarc-Graph/ff3d6657654747b1d48bd28c1bdd677ac6c38a27/run_code.py","5857","E7B11F23C3ECDA2B36C68975F08B6E946B046A0E02022F2D18B34CA798525C9E"
"file_pre_processing.py","https://raw.githubusercontent.com/elejeune11/Sarc-Graph/ff3d6657654747b1d48bd28c1bdd677ac6c38a27/file_pre_processing.py","7603","045E501CFA60DE23BD8E5D67B228B211B23BB6CB0A702C5B7D85525EFB4077BB"
"segmentation.py","https://raw.githubusercontent.com/elejeune11/Sarc-Graph/ff3d6657654747b1d48bd28c1bdd677ac6c38a27/segmentation.py","10066","BC7A5EB9EBDB76432CED8D3B40A66EFAA65C19FB6210A6EA5D7CD01DEDCCCF6B"
"tracking.py","https://raw.githubusercontent.com/elejeune11/Sarc-Graph/ff3d6657654747b1d48bd28c1bdd677ac6c38a27/tracking.py","6055","3AB5C218836BF43F0F2B3016D5F5DDF6986C0A8F3B91E3A790BC4C7B966DAF9A"
"spatial_graph.py","https://raw.githubusercontent.com/elejeune11/Sarc-Graph/ff3d6657654747b1d48bd28c1bdd677ac6c38a27/spatial_graph.py","4941","BDB859E07D1A716BB00C9A49E2758842CC6946BC1CC2556D2E523A4E6721D70F"
"timeseries.py","https://raw.githubusercontent.com/elejeune11/Sarc-Graph/ff3d6657654747b1d48bd28c1bdd677ac6c38a27/timeseries.py","10453","11DEFC3A91C4F3A80EAA9B7490784404BC6EEC08376036886DF1825CB25AD0B5"
"time_series.py","https://raw.githubusercontent.com/elejeune11/Sarc-Graph/ff3d6657654747b1d48bd28c1bdd677ac6c38a27/time_series.py","10712","416A691787DDA8F19195FA7B1A37169AA70EB805D44708B25E78D1DA6845BB16"
"analysis_tools.py","https://raw.githubusercontent.com/elejeune11/Sarc-Graph/ff3d6657654747b1d48bd28c1bdd677ac6c38a27/analysis_tools.py","57895","D024544858EF1D2C06B1134982BC1D7255D08F0F391E3B96B2896F4E19F6CAD4"
"functional_metrics.py","https://raw.githubusercontent.com/elejeune11/Sarc-Graph/ff3d6657654747b1d48bd28c1bdd677ac6c38a27/functional_metrics.py","18488","BFD5A434E15B54557AEBA39CD68115ACE745B0804371A4A04749BF16F493D4A0"
