i,j,L_true,L_recovered,edge_true,edge_recovered,C_true_diagonal,C_recovered_diagonal
0,0,0.96,0.96,0,0,0.74,0.74
0,1,-0.34,-0.34,1,1,,
0,2,0,-4.62873714648e-13,0,0,,
0,3,0,4.11532266598e-12,0,0,,
0,4,0,-2.31739627488e-12,0,0,,
1,0,-0.34,-0.34,1,1,,
1,1,1.87,1.87,0,0,1.12,1.12
1,2,-0.29,-0.289999999997,1,1,,
1,3,-0.25,-0.250000000021,1,1,,
1,4,-0.21,-0.209999999988,1,1,,
2,0,0,-4.62873714648e-13,0,0,,
2,1,-0.29,-0.289999999997,1,1,,
2,2,0.98,0.979999999999,0,0,0.91,0.90999999996
2,3,0,-2.63003789859e-12,0,0,,
2,4,0,2.27083985782e-12,0,0,,
3,0,0,4.11532266598e-12,0,0,,
3,1,-0.25,-0.250000000021,1,1,,
3,2,0,-2.63004048264e-12,0,0,,
3,3,1.54,1.54000000001,0,0,1.27,1.27000000051
3,4,-0.38,-0.380000000004,1,1,,
4,0,0,-2.31739627488e-12,0,0,,
4,1,-0.21,-0.209999999988,1,1,,
4,2,0,2.27084883398e-12,0,0,,
4,3,-0.38,-0.380000000004,1,1,,
4,4,1.32,1.32,0,0,0.83,0.82999999972
