method,network,relative_noise_scale,replicate,exact_inverse_status,exact_relative_parameter_error,fit_success,fit_relative_parameter_error,fit_weighted_residual,seed,C_relative_parameter_error
K8,known_labelled_Y_tree,0,0,accepted,8.16079330589e-11,True,3.88203739733e-13,3.79097319464e-14,20260929,
K9,unknown_topology_cyclic_graph,0,0,accepted,1.12596904464e-11,False,,,20260929,2.63062464803e-10
K8,known_labelled_Y_tree,0,1,accepted,8.16079330589e-11,True,3.88203739733e-13,3.79097319464e-14,20260929,
K9,unknown_topology_cyclic_graph,0,1,accepted,1.12596904464e-11,False,,,20260929,2.63062464803e-10
K8,known_labelled_Y_tree,0,2,accepted,8.16079330589e-11,True,3.88203739733e-13,3.79097319464e-14,20260929,
K9,unknown_topology_cyclic_graph,0,2,accepted,1.12596904464e-11,False,,,20260929,2.63062464803e-10
K8,known_labelled_Y_tree,0,3,accepted,8.16079330589e-11,True,3.88203739733e-13,3.79097319464e-14,20260929,
K9,unknown_topology_cyclic_graph,0,3,accepted,1.12596904464e-11,False,,,20260929,2.63062464803e-10
K8,known_labelled_Y_tree,0,4,accepted,8.16079330589e-11,True,3.88203739733e-13,3.79097319464e-14,20260929,
K9,unknown_topology_cyclic_graph,0,4,accepted,1.12596904464e-11,False,,,20260929,2.63062464803e-10
K8,known_labelled_Y_tree,0,5,accepted,8.16079330589e-11,True,3.88203739733e-13,3.79097319464e-14,20260929,
K9,unknown_topology_cyclic_graph,0,5,accepted,1.12596904464e-11,False,,,20260929,2.63062464803e-10
K8,known_labelled_Y_tree,0,6,accepted,8.16079330589e-11,True,3.88203739733e-13,3.79097319464e-14,20260929,
K9,unknown_topology_cyclic_graph,0,6,accepted,1.12596904464e-11,False,,,20260929,2.63062464803e-10
K8,known_labelled_Y_tree,0,7,accepted,8.16079330589e-11,True,3.88203739733e-13,3.79097319464e-14,20260929,
K9,unknown_topology_cyclic_graph,0,7,accepted,1.12596904464e-11,False,,,20260929,2.63062464803e-10
K8,known_labelled_Y_tree,1e-10,0,accepted,1.07340910147e-06,True,1.75096123119e-09,2.60402475336e-10,20260929,
K9,unknown_topology_cyclic_graph,1e-10,0,PrecisionFailure,,False,,,20260929,
K8,known_labelled_Y_tree,1e-10,1,accepted,1.07811652125e-06,True,1.36589284841e-08,1.47204971164e-10,20260929,
K9,unknown_topology_cyclic_graph,1e-10,1,PrecisionFailure,,False,,,20260929,
K8,known_labelled_Y_tree,1e-10,2,accepted,6.4523018538e-06,True,2.59191738894e-09,3.00475203626e-10,20260929,
K9,unknown_topology_cyclic_graph,1e-10,2,PrecisionFailure,,False,,,20260929,
K8,known_labelled_Y_tree,1e-10,3,accepted,3.40282150561e-06,True,7.43558997146e-09,2.87383220749e-10,20260929,
K9,unknown_topology_cyclic_graph,1e-10,3,PrecisionFailure,,False,,,20260929,
K8,known_labelled_Y_tree,1e-10,4,accepted,3.82891560912e-06,True,5.06320025534e-10,1.46335526794e-10,20260929,
K9,unknown_topology_cyclic_graph,1e-10,4,PrecisionFailure,,False,,,20260929,
K8,known_labelled_Y_tree,1e-10,5,accepted,1.03223317664e-06,True,7.22659974474e-09,1.73530003571e-10,20260929,
K9,unknown_topology_cyclic_graph,1e-10,5,PrecisionFailure,,False,,,20260929,
K8,known_labelled_Y_tree,1e-10,6,accepted,2.21939200427e-06,True,1.18855807788e-08,3.23562865333e-10,20260929,
K9,unknown_topology_cyclic_graph,1e-10,6,PrecisionFailure,,False,,,20260929,
K8,known_labelled_Y_tree,1e-10,7,accepted,6.15193550788e-06,True,2.7973303243e-09,3.60863279418e-10,20260929,
K9,unknown_topology_cyclic_graph,1e-10,7,PrecisionFailure,,False,,,20260929,
K8,known_labelled_Y_tree,1e-08,0,accepted,0.000134308352536,True,1.32883984519e-06,2.47530579823e-08,20260929,
K9,unknown_topology_cyclic_graph,1e-08,0,PrecisionFailure,,False,,,20260929,
K8,known_labelled_Y_tree,1e-08,1,accepted,0.000248424096156,True,6.25610213027e-07,3.12400009945e-08,20260929,
K9,unknown_topology_cyclic_graph,1e-08,1,PrecisionFailure,,False,,,20260929,
K8,known_labelled_Y_tree,1e-08,2,PrecisionFailure,,True,1.2131641009e-06,1.84761677162e-08,20260929,
K9,unknown_topology_cyclic_graph,1e-08,2,PrecisionFailure,,False,,,20260929,
K8,known_labelled_Y_tree,1e-08,3,PrecisionFailure,,True,1.59528677447e-06,1.91591597283e-08,20260929,
K9,unknown_topology_cyclic_graph,1e-08,3,PrecisionFailure,,False,,,20260929,
K8,known_labelled_Y_tree,1e-08,4,PrecisionFailure,,True,1.68612135061e-06,2.27125090761e-08,20260929,
K9,unknown_topology_cyclic_graph,1e-08,4,PrecisionFailure,,False,,,20260929,
K8,known_labelled_Y_tree,1e-08,5,PrecisionFailure,,True,2.52066738121e-07,2.97084982504e-08,20260929,
K9,unknown_topology_cyclic_graph,1e-08,5,PrecisionFailure,,False,,,20260929,
K8,known_labelled_Y_tree,1e-08,6,accepted,0.000184100147288,True,8.04574298486e-07,3.16133752868e-08,20260929,
K9,unknown_topology_cyclic_graph,1e-08,6,PrecisionFailure,,False,,,20260929,
K8,known_labelled_Y_tree,1e-08,7,accepted,7.95175628812e-05,True,1.55284972366e-06,2.45078930542e-08,20260929,
K9,unknown_topology_cyclic_graph,1e-08,7,PrecisionFailure,,False,,,20260929,
K8,known_labelled_Y_tree,1e-06,0,PrecisionFailure,,True,4.00404852184e-05,3.39130831182e-06,20260929,
K9,unknown_topology_cyclic_graph,1e-06,0,PrecisionFailure,,False,,,20260929,
K8,known_labelled_Y_tree,1e-06,1,PrecisionFailure,,True,4.46207487165e-05,2.40337281329e-06,20260929,
K9,unknown_topology_cyclic_graph,1e-06,1,PrecisionFailure,,False,,,20260929,
K8,known_labelled_Y_tree,1e-06,2,PrecisionFailure,,True,4.41624846708e-05,2.40552398778e-06,20260929,
K9,unknown_topology_cyclic_graph,1e-06,2,PrecisionFailure,,False,,,20260929,
K8,known_labelled_Y_tree,1e-06,3,PrecisionFailure,,True,8.25970502614e-05,3.13883216063e-06,20260929,
K9,unknown_topology_cyclic_graph,1e-06,3,PrecisionFailure,,False,,,20260929,
K8,known_labelled_Y_tree,1e-06,4,PrecisionFailure,,True,6.51045376209e-05,1.44308479146e-06,20260929,
K9,unknown_topology_cyclic_graph,1e-06,4,PrecisionFailure,,False,,,20260929,
K8,known_labelled_Y_tree,1e-06,5,PrecisionFailure,,True,0.000101486200898,2.98956003075e-06,20260929,
K9,unknown_topology_cyclic_graph,1e-06,5,PrecisionFailure,,False,,,20260929,
K8,known_labelled_Y_tree,1e-06,6,PrecisionFailure,,True,3.6389901803e-06,2.78374349853e-06,20260929,
K9,unknown_topology_cyclic_graph,1e-06,6,PrecisionFailure,,False,,,20260929,
K8,known_labelled_Y_tree,1e-06,7,PrecisionFailure,,True,1.62353141547e-05,1.98798557593e-06,20260929,
K9,unknown_topology_cyclic_graph,1e-06,7,PrecisionFailure,,False,,,20260929,
