"Filename","Movie","Bytes","GitBlobSHA1","SHA256","SourceURL","Commit"
"real_data_E3_frame0_to29.tif","E3","15733758","083392546d181c413b82e1f86a7babc257f4cb94","7ADAB3CCAC79712DACC3CF164AD3FA6361A82511E016B0F41610568B889529B0","https://raw.githubusercontent.com/elejeune11/Sarc-Graph/ff3d6657654747b1d48bd28c1bdd677ac6c38a27/ALL_MOVIES_RAW/experimental_data/real_data_E3_frame0_to29.tif","ff3d6657654747b1d48bd28c1bdd677ac6c38a27"
"real_data_E3_frame120_to149.tif","E3","15733758","dee4e4ae2808564a4986676e89548733aaa14eec","B3278856691FE5E07360A83159856C3A7C731A715CC3A7B114CA9D82835CD357","https://raw.githubusercontent.com/elejeune11/Sarc-Graph/ff3d6657654747b1d48bd28c1bdd677ac6c38a27/ALL_MOVIES_RAW/experimental_data/real_data_E3_frame120_to149.tif","ff3d6657654747b1d48bd28c1bdd677ac6c38a27"
"real_data_E3_frame30_to59.tif","E3","15733758","1926af5c932f879ca757de47d16806b851bf50a6","B7D29D80B33162984E1A34C6637C9FC197C79B30AEFF2CDCFAC94901354CE195","https://raw.githubusercontent.com/elejeune11/Sarc-Graph/ff3d6657654747b1d48bd28c1bdd677ac6c38a27/ALL_MOVIES_RAW/experimental_data/real_data_E3_frame30_to59.tif","ff3d6657654747b1d48bd28c1bdd677ac6c38a27"
"real_data_E3_frame60_to89.tif","E3","15733758","ea1807115c35f301da08a9debf9e00af7b5fca6b","54A2C0CC1ECD8051908425200D5768F40ED4EC1EBC7EA2A0ACB0A636571DB6E1","https://raw.githubusercontent.com/elejeune11/Sarc-Graph/ff3d6657654747b1d48bd28c1bdd677ac6c38a27/ALL_MOVIES_RAW/experimental_data/real_data_E3_frame60_to89.tif","ff3d6657654747b1d48bd28c1bdd677ac6c38a27"
"real_data_E3_frame90_to119.tif","E3","15733758","e6804eb9afe92879bbf0ef868784229ec9ff0993","CF884E95476A842DB17902319E551219569E555AADE5F593B7FDC48B982F834E","https://raw.githubusercontent.com/elejeune11/Sarc-Graph/ff3d6657654747b1d48bd28c1bdd677ac6c38a27/ALL_MOVIES_RAW/experimental_data/real_data_E3_frame90_to119.tif","ff3d6657654747b1d48bd28c1bdd677ac6c38a27"
"real_data_E4_frame0_to29.tif","E4","15733758","ea59cd242d046b463618c346d56f26685f7ec2c2","DC3B4413C7883B9D2267E0678EFD540CA587C0B7B2067EBF28B442AD2B30F900","https://raw.githubusercontent.com/elejeune11/Sarc-Graph/ff3d6657654747b1d48bd28c1bdd677ac6c38a27/ALL_MOVIES_RAW/experimental_data/real_data_E4_frame0_to29.tif","ff3d6657654747b1d48bd28c1bdd677ac6c38a27"
"real_data_E4_frame120_to149.tif","E4","15733758","29bcaa95b4390f7eac82f5b9396dda6746458ccd","3429420735E2AE335FDD5AC65DF06ECE2A29B3D9AD6D2990649F04A0E85F891A","https://raw.githubusercontent.com/elejeune11/Sarc-Graph/ff3d6657654747b1d48bd28c1bdd677ac6c38a27/ALL_MOVIES_RAW/experimental_data/real_data_E4_frame120_to149.tif","ff3d6657654747b1d48bd28c1bdd677ac6c38a27"
"real_data_E4_frame30_to59.tif","E4","15733758","7288bc4453670689a03323a8a1573612a10db7d6","2154F8051F0084E3687BAD4CFC0E7B9ED5EBD837DB834E016FAEAAE7DA0EAEEF","https://raw.githubusercontent.com/elejeune11/Sarc-Graph/ff3d6657654747b1d48bd28c1bdd677ac6c38a27/ALL_MOVIES_RAW/experimental_data/real_data_E4_frame30_to59.tif","ff3d6657654747b1d48bd28c1bdd677ac6c38a27"
"real_data_E4_frame60_to89.tif","E4","15733758","c751f39399b89935bfacc94fee62351ecacbd14b","4A5B84E8F3D7A5D70258ED5DCD1889B00601C0EA2E60EBE07AA4B30CE2D7765D","https://raw.githubusercontent.com/elejeune11/Sarc-Graph/ff3d6657654747b1d48bd28c1bdd677ac6c38a27/ALL_MOVIES_RAW/experimental_data/real_data_E4_frame60_to89.tif","ff3d6657654747b1d48bd28c1bdd677ac6c38a27"
"real_data_E4_frame90_to119.tif","E4","15733758","a88b9f2bb6e958ff6818054028a63a80a0d79678","E227B5C35F147EB29C96B482158A5681B093AAD17E95B095EFA1D9D133D1C546","https://raw.githubusercontent.com/elejeune11/Sarc-Graph/ff3d6657654747b1d48bd28c1bdd677ac6c38a27/ALL_MOVIES_RAW/experimental_data/real_data_E4_frame90_to119.tif","ff3d6657654747b1d48bd28c1bdd677ac6c38a27"
"real_data_E5_frame0_to29.tif","E5","15733758","3feb67d0f2c47aa60473f36149af4341a2202688","6DC77BCE711B6C17296E458D8AA78D8E11FC114E9EFC785D6AD7E3432A0CCD4A","https://raw.githubusercontent.com/elejeune11/Sarc-Graph/ff3d6657654747b1d48bd28c1bdd677ac6c38a27/ALL_MOVIES_RAW/experimental_data/real_data_E5_frame0_to29.tif","ff3d6657654747b1d48bd28c1bdd677ac6c38a27"
"real_data_E5_frame120_to149.tif","E5","15733758","52a2af3af58c7c350cba380073c31a0135e0bf2c","5BECE364DCE04242438B842310DB089F64CBF181C9CA6291360740BC8AB9452D","https://raw.githubusercontent.com/elejeune11/Sarc-Graph/ff3d6657654747b1d48bd28c1bdd677ac6c38a27/ALL_MOVIES_RAW/experimental_data/real_data_E5_frame120_to149.tif","ff3d6657654747b1d48bd28c1bdd677ac6c38a27"
"real_data_E5_frame30_to59.tif","E5","15733758","afc3f563fec126cfa4f819b9fe7ccff90afe3477","85DE0AB6F7C9F33F1C3B7ED5596F46615D077C9D659823258FF28AB2AE1F2B5B","https://raw.githubusercontent.com/elejeune11/Sarc-Graph/ff3d6657654747b1d48bd28c1bdd677ac6c38a27/ALL_MOVIES_RAW/experimental_data/real_data_E5_frame30_to59.tif","ff3d6657654747b1d48bd28c1bdd677ac6c38a27"
"real_data_E5_frame60_to89.tif","E5","15733758","a2024027872fdd8a284f540c1bd0c9e8690129ea","620C1144A2C851F16C3F91044024A35657A3C99C4BC153DC6D4122DAAA215AE7","https://raw.githubusercontent.com/elejeune11/Sarc-Graph/ff3d6657654747b1d48bd28c1bdd677ac6c38a27/ALL_MOVIES_RAW/experimental_data/real_data_E5_frame60_to89.tif","ff3d6657654747b1d48bd28c1bdd677ac6c38a27"
"real_data_E5_frame90_to119.tif","E5","15733758","b28408009d59dd7ac64447d3f84e3ca593f7af1d","8F3993A6C3E6E9F9731AAE1EDA9E6CB71EF7F070601ED0C77FB4C53E4AE0BE55","https://raw.githubusercontent.com/elejeune11/Sarc-Graph/ff3d6657654747b1d48bd28c1bdd677ac6c38a27/ALL_MOVIES_RAW/experimental_data/real_data_E5_frame90_to119.tif","ff3d6657654747b1d48bd28c1bdd677ac6c38a27"
