setting_id,condition,seed,profile_amplitude,profile_calibration_error,crosstalk_fraction,noise_fraction,repeats,query_or_read_count,fit_success,relative_L_error,relative_J_error,weighted_residual_norm,status,optimizer_message
S01,profile_amplitude_limited_known,91001,0.25,0,0,0.001,5,60,True,0.09703619398,0.1033326742,0.01591074818,fit_complete,Both `ftol` and `xtol` termination conditions are satisfied.
S01,profile_amplitude_limited_known,91002,0.25,0,0,0.001,5,60,True,0.286677496,0.268734276,0.03250197862,fit_complete,`xtol` termination condition is satisfied.
S01,profile_amplitude_limited_known,91003,0.25,0,0,0.001,5,60,True,0.1507249959,0.1426548064,0.01387588587,fit_complete,`xtol` termination condition is satisfied.
S01,profile_amplitude_limited_known,91004,0.25,0,0,0.001,5,60,True,0.112234303,0.1228845445,0.005512088884,fit_complete,`ftol` termination condition is satisfied.
S01,profile_amplitude_limited_known,91005,0.25,0,0,0.001,5,60,True,0.0373656738,0.04156462348,0.0243346814,fit_complete,`ftol` termination condition is satisfied.
S01,profile_amplitude_limited_known,91006,0.25,0,0,0.001,5,60,True,0.06786127477,0.06841614635,0.008315513867,fit_complete,`ftol` termination condition is satisfied.
S01,profile_amplitude_limited_known,91007,0.25,0,0,0.001,5,60,True,0.4122963935,0.3793159443,0.04488203349,fit_complete,`ftol` termination condition is satisfied.
S01,profile_amplitude_limited_known,91008,0.25,0,0,0.001,5,60,True,0.4045432732,0.4438826055,0.01900242229,fit_complete,`xtol` termination condition is satisfied.
S01,profile_amplitude_limited_known,91009,0.25,0,0,0.001,5,60,True,0.06562752364,0.06078942852,0.02499999906,fit_complete,`ftol` termination condition is satisfied.
S01,profile_amplitude_limited_known,91010,0.25,0,0,0.001,5,60,True,0.283865144,0.2648781351,0.01645767393,fit_complete,`ftol` termination condition is satisfied.
S01,profile_amplitude_limited_known,91011,0.25,0,0,0.001,5,60,True,0.1300823719,0.1204243507,0.01155016074,fit_complete,`ftol` termination condition is satisfied.
S01,profile_amplitude_limited_known,91012,0.25,0,0,0.001,5,60,True,0.2552937719,0.2512437869,0.02302978403,fit_complete,`ftol` termination condition is satisfied.
S01,profile_amplitude_limited_known,91013,0.25,0,0,0.001,5,60,True,0.6024521261,0.6625126688,0.03988327281,fit_complete,`ftol` termination condition is satisfied.
S01,profile_amplitude_limited_known,91014,0.25,0,0,0.001,5,60,True,0.5082102942,0.4747323659,0.07774650081,fit_complete,`ftol` termination condition is satisfied.
S01,profile_amplitude_limited_known,91015,0.25,0,0,0.001,5,60,True,0.02027655976,0.02010536819,0.0275638411,fit_complete,`xtol` termination condition is satisfied.
S01,profile_amplitude_limited_known,91016,0.25,0,0,0.001,5,60,True,0.2707494763,0.2702102836,0.01792038548,fit_complete,`ftol` termination condition is satisfied.
S01,profile_amplitude_limited_known,91017,0.25,0,0,0.001,5,60,True,0.02257570552,0.02434307618,0.00986702461,fit_complete,`ftol` termination condition is satisfied.
S01,profile_amplitude_limited_known,91018,0.25,0,0,0.001,5,60,True,0.4257629582,0.398158422,0.01432224054,fit_complete,`ftol` termination condition is satisfied.
S01,profile_amplitude_limited_known,91019,0.25,0,0,0.001,5,60,True,0.3215814384,0.2945692039,0.006787256579,fit_complete,`ftol` termination condition is satisfied.
S01,profile_amplitude_limited_known,91020,0.25,0,0,0.001,5,60,True,0.1486225919,0.1594748581,0.02604184572,fit_complete,`xtol` termination condition is satisfied.
S02,profile_amplitude_limited_known,91001,0.5,0,0,0.001,5,60,True,0.05477673874,0.05858931834,0.00802817059,fit_complete,`xtol` termination condition is satisfied.
S02,profile_amplitude_limited_known,91002,0.5,0,0,0.001,5,60,True,0.2749001322,0.2543508496,0.01498153141,fit_complete,`ftol` termination condition is satisfied.
S02,profile_amplitude_limited_known,91003,0.5,0,0,0.001,5,60,True,0.06196124167,0.0590111747,0.006927344686,fit_complete,`xtol` termination condition is satisfied.
S02,profile_amplitude_limited_known,91004,0.5,0,0,0.001,5,60,True,0.06567516383,0.07243238682,0.002719236059,fit_complete,`xtol` termination condition is satisfied.
S02,profile_amplitude_limited_known,91005,0.5,0,0,0.001,5,60,True,0.01747177424,0.0194251156,0.01218442461,fit_complete,`ftol` termination condition is satisfied.
S02,profile_amplitude_limited_known,91006,0.5,0,0,0.001,5,60,True,0.03526761633,0.03485448284,0.004260898243,fit_complete,`ftol` termination condition is satisfied.
S02,profile_amplitude_limited_known,91007,0.5,0,0,0.001,5,60,True,0.3526699813,0.3227462962,0.02011297246,fit_complete,`xtol` termination condition is satisfied.
S02,profile_amplitude_limited_known,91008,0.5,0,0,0.001,5,60,True,0.121280427,0.1312471571,0.009580228123,fit_complete,`xtol` termination condition is satisfied.
S02,profile_amplitude_limited_known,91009,0.5,0,0,0.001,5,60,True,0.03596739417,0.03326841269,0.01240306967,fit_complete,`xtol` termination condition is satisfied.
S02,profile_amplitude_limited_known,91010,0.5,0,0,0.001,5,60,True,0.1116489062,0.1050807913,0.008339988423,fit_complete,`ftol` termination condition is satisfied.
S02,profile_amplitude_limited_known,91011,0.5,0,0,0.001,5,60,True,0.08398275531,0.07734707539,0.005651234135,fit_complete,`xtol` termination condition is satisfied.
S02,profile_amplitude_limited_known,91012,0.5,0,0,0.001,5,60,True,0.1138077982,0.1205989793,0.0112779901,fit_complete,`ftol` termination condition is satisfied.
S02,profile_amplitude_limited_known,91013,0.5,0,0,0.001,5,60,True,0.1577321389,0.1718530205,0.02000202649,fit_complete,`ftol` termination condition is satisfied.
S02,profile_amplitude_limited_known,91014,0.5,0,0,0.001,5,60,True,0.419491194,0.3881900164,0.03649345222,fit_complete,`ftol` termination condition is satisfied.
S02,profile_amplitude_limited_known,91015,0.5,0,0,0.001,5,60,True,0.008860315752,0.008970721553,0.01382242001,fit_complete,`ftol` termination condition is satisfied.
S02,profile_amplitude_limited_known,91016,0.5,0,0,0.001,5,60,True,0.1730295605,0.1680334667,0.008058489098,fit_complete,`xtol` termination condition is satisfied.
S02,profile_amplitude_limited_known,91017,0.5,0,0,0.001,5,60,True,0.0116098105,0.01253915122,0.005025681446,fit_complete,`ftol` termination condition is satisfied.
S02,profile_amplitude_limited_known,91018,0.5,0,0,0.001,5,60,True,0.1305835813,0.1317642464,0.007042782438,fit_complete,`ftol` termination condition is satisfied.
S02,profile_amplitude_limited_known,91019,0.5,0,0,0.001,5,60,True,0.08996336002,0.08332513977,0.00341352835,fit_complete,`ftol` termination condition is satisfied.
S02,profile_amplitude_limited_known,91020,0.5,0,0,0.001,5,60,True,0.08713754975,0.09529927288,0.01291136186,fit_complete,`ftol` termination condition is satisfied.
S03,profile_amplitude_limited_known,91001,1,0,0,0.001,5,60,True,0.0289102626,0.03112862316,0.004140571387,fit_complete,`xtol` termination condition is satisfied.
S03,profile_amplitude_limited_known,91002,1,0,0,0.001,5,60,True,0.09039428058,0.08445718712,0.007517106154,fit_complete,`xtol` termination condition is satisfied.
S03,profile_amplitude_limited_known,91003,1,0,0,0.001,5,60,True,0.02933549187,0.02792025043,0.003537443107,fit_complete,`xtol` termination condition is satisfied.
S03,profile_amplitude_limited_known,91004,1,0,0,0.001,5,60,True,0.03644933223,0.04025367086,0.001419181611,fit_complete,`xtol` termination condition is satisfied.
S03,profile_amplitude_limited_known,91005,1,0,0,0.001,5,60,True,0.008479189591,0.009383986867,0.00614346568,fit_complete,`ftol` termination condition is satisfied.
S03,profile_amplitude_limited_known,91006,1,0,0,0.001,5,60,True,0.01834093742,0.01793412662,0.002341763016,fit_complete,`xtol` termination condition is satisfied.
S03,profile_amplitude_limited_known,91007,1,0,0,0.001,5,60,True,0.1439268195,0.1317738517,0.009849469561,fit_complete,`ftol` termination condition is satisfied.
S03,profile_amplitude_limited_known,91008,1,0,0,0.001,5,60,True,0.05359934963,0.05712793059,0.004830722802,fit_complete,`xtol` termination condition is satisfied.
S03,profile_amplitude_limited_known,91009,1,0,0,0.001,5,60,True,0.01905594059,0.01759959214,0.006177569953,fit_complete,`xtol` termination condition is satisfied.
S03,profile_amplitude_limited_known,91010,1,0,0,0.001,5,60,True,0.04656624957,0.04413980938,0.004349363774,fit_complete,`xtol` termination condition is satisfied.
S03,profile_amplitude_limited_known,91011,1,0,0,0.001,5,60,True,0.05019641347,0.04610986207,0.002853215661,fit_complete,`xtol` termination condition is satisfied.
S03,profile_amplitude_limited_known,91012,1,0,0,0.001,5,60,True,0.06230313729,0.06736440963,0.005615091401,fit_complete,`xtol` termination condition is satisfied.
S03,profile_amplitude_limited_known,91013,1,0,0,0.001,5,60,True,0.06529466815,0.06996080909,0.01003602183,fit_complete,`ftol` termination condition is satisfied.
S03,profile_amplitude_limited_known,91014,1,0,0,0.001,5,60,True,0.2508585428,0.2317560626,0.01759077859,fit_complete,`xtol` termination condition is satisfied.
S03,profile_amplitude_limited_known,91015,1,0,0,0.001,5,60,True,0.003833395763,0.004021582517,0.00693576617,fit_complete,`xtol` termination condition is satisfied.
S03,profile_amplitude_limited_known,91016,1,0,0,0.001,5,60,True,0.06754382896,0.0664031942,0.004161249035,fit_complete,`xtol` termination condition is satisfied.
S03,profile_amplitude_limited_known,91017,1,0,0,0.001,5,60,True,0.005858110637,0.006339633936,0.002676286633,fit_complete,`xtol` termination condition is satisfied.
S03,profile_amplitude_limited_known,91018,1,0,0,0.001,5,60,True,0.0644679271,0.06739208356,0.003584794218,fit_complete,`xtol` termination condition is satisfied.
S03,profile_amplitude_limited_known,91019,1,0,0,0.001,5,60,True,0.0374783204,0.03503853247,0.001797846404,fit_complete,Both `ftol` and `xtol` termination conditions are satisfied.
S03,profile_amplitude_limited_known,91020,1,0,0,0.001,5,60,True,0.04939068929,0.05423671184,0.006504619081,fit_complete,`ftol` termination condition is satisfied.
S04,profile_strength_miscalibrated,91001,0.85,-0.15,0,0.001,5,60,True,0.2233191241,0.2112387036,0.007326674215,fit_complete,`ftol` termination condition is satisfied.
S04,profile_strength_miscalibrated,91002,0.85,-0.15,0,0.001,5,60,True,0.3603534782,0.3373621218,0.009008462354,fit_complete,Both `ftol` and `xtol` termination conditions are satisfied.
S04,profile_strength_miscalibrated,91003,0.85,-0.15,0,0.001,5,60,True,0.2794751407,0.2626856793,0.005628886606,fit_complete,`xtol` termination condition is satisfied.
S04,profile_strength_miscalibrated,91004,0.85,-0.15,0,0.001,5,60,True,0.2447710874,0.2310552052,0.005896754845,fit_complete,`ftol` termination condition is satisfied.
S04,profile_strength_miscalibrated,91005,0.85,-0.15,0,0.001,5,60,True,0.2384286659,0.2247311127,0.008523613981,fit_complete,`xtol` termination condition is satisfied.
S04,profile_strength_miscalibrated,91006,0.85,-0.15,0,0.001,5,60,True,0.2272236183,0.2145955758,0.006410471236,fit_complete,`xtol` termination condition is satisfied.
S04,profile_strength_miscalibrated,91007,0.85,-0.15,0,0.001,5,60,True,0.4128170959,0.3847241902,0.01149534176,fit_complete,`xtol` termination condition is satisfied.
S04,profile_strength_miscalibrated,91008,0.85,-0.15,0,0.001,5,60,True,0.2363124717,0.2263236637,0.008838941394,fit_complete,`xtol` termination condition is satisfied.
S04,profile_strength_miscalibrated,91009,0.85,-0.15,0,0.001,5,60,True,0.2213686824,0.2085725666,0.01030615244,fit_complete,`xtol` termination condition is satisfied.
S04,profile_strength_miscalibrated,91010,0.85,-0.15,0,0.001,5,60,True,0.3021757787,0.2836157952,0.005987350652,fit_complete,`ftol` termination condition is satisfied.
S04,profile_strength_miscalibrated,91011,0.85,-0.15,0,0.001,5,60,True,0.1848303778,0.1751198815,0.009890938404,fit_complete,`xtol` termination condition is satisfied.
S04,profile_strength_miscalibrated,91012,0.85,-0.15,0,0.001,5,60,True,0.2581396729,0.2451714739,0.007380642117,fit_complete,`xtol` termination condition is satisfied.
S04,profile_strength_miscalibrated,91013,0.85,-0.15,0,0.001,5,60,True,0.2367161292,0.2283733937,0.01415444409,fit_complete,`xtol` termination condition is satisfied.
S04,profile_strength_miscalibrated,91014,0.85,-0.15,0,0.001,5,60,True,0.5653283996,0.5257825995,0.02063471292,fit_complete,`ftol` termination condition is satisfied.
S04,profile_strength_miscalibrated,91015,0.85,-0.15,0,0.001,5,60,True,0.2408553114,0.2268237223,0.009707860311,fit_complete,`xtol` termination condition is satisfied.
S04,profile_strength_miscalibrated,91016,0.85,-0.15,0,0.001,5,60,True,0.3199927739,0.3012286047,0.005312437504,fit_complete,`xtol` termination condition is satisfied.
S04,profile_strength_miscalibrated,91017,0.85,-0.15,0,0.001,5,60,True,0.2387229758,0.2246761942,0.005831965015,fit_complete,`xtol` termination condition is satisfied.
S04,profile_strength_miscalibrated,91018,0.85,-0.15,0,0.001,5,60,True,0.2812515387,0.2657824392,0.005285115925,fit_complete,`ftol` termination condition is satisfied.
S04,profile_strength_miscalibrated,91019,0.85,-0.15,0,0.001,5,60,True,0.2755570692,0.2586342131,0.003150884402,fit_complete,`xtol` termination condition is satisfied.
S04,profile_strength_miscalibrated,91020,0.85,-0.15,0,0.001,5,60,True,0.2492626402,0.2361181861,0.009019394828,fit_complete,`xtol` termination condition is satisfied.
S05,profile_strength_miscalibrated,91001,0.95,-0.05,0,0.001,5,60,True,0.0626361439,0.0617578708,0.004286742113,fit_complete,`ftol` termination condition is satisfied.
S05,profile_strength_miscalibrated,91002,0.95,-0.05,0,0.001,5,60,True,0.1594033574,0.1487521436,0.00790796341,fit_complete,`xtol` termination condition is satisfied.
S05,profile_strength_miscalibrated,91003,0.95,-0.05,0,0.001,5,60,True,0.09574073304,0.09005204777,0.003736478994,fit_complete,`xtol` termination condition is satisfied.
S05,profile_strength_miscalibrated,91004,0.95,-0.05,0,0.001,5,60,True,0.07369910439,0.07282287095,0.001541000161,fit_complete,`xtol` termination condition is satisfied.
S05,profile_strength_miscalibrated,91005,0.95,-0.05,0,0.001,5,60,True,0.06827369435,0.06475082565,0.006474559412,fit_complete,`ftol` termination condition is satisfied.
S05,profile_strength_miscalibrated,91006,0.95,-0.05,0,0.001,5,60,True,0.06282395717,0.06013054063,0.002377543828,fit_complete,`xtol` termination condition is satisfied.
S05,profile_strength_miscalibrated,91007,0.95,-0.05,0,0.001,5,60,True,0.2164621521,0.1997187857,0.01033293013,fit_complete,`ftol` termination condition is satisfied.
S05,profile_strength_miscalibrated,91008,0.95,-0.05,0,0.001,5,60,True,0.0845724179,0.08536403576,0.005067170533,fit_complete,`ftol` termination condition is satisfied.
S05,profile_strength_miscalibrated,91009,0.95,-0.05,0,0.001,5,60,True,0.05502100559,0.05247093329,0.006543196346,fit_complete,`ftol` termination condition is satisfied.
S05,profile_strength_miscalibrated,91010,0.95,-0.05,0,0.001,5,60,True,0.1120707,0.1051465857,0.004562179947,fit_complete,`xtol` termination condition is satisfied.
S05,profile_strength_miscalibrated,91011,0.95,-0.05,0,0.001,5,60,True,0.0538647817,0.05148068792,0.002972774757,fit_complete,`xtol` termination condition is satisfied.
S05,profile_strength_miscalibrated,91012,0.95,-0.05,0,0.001,5,60,True,0.09623029987,0.096636771,0.005885225423,fit_complete,`ftol` termination condition is satisfied.
S05,profile_strength_miscalibrated,91013,0.95,-0.05,0,0.001,5,60,True,0.09048675392,0.09305011115,0.01060456859,fit_complete,`xtol` termination condition is satisfied.
S05,profile_strength_miscalibrated,91014,0.95,-0.05,0,0.001,5,60,True,0.3343968566,0.3093536773,0.01849446428,fit_complete,`ftol` termination condition is satisfied.
S05,profile_strength_miscalibrated,91015,0.95,-0.05,0,0.001,5,60,True,0.06808733655,0.06446807492,0.007304640552,fit_complete,`xtol` termination condition is satisfied.
S05,profile_strength_miscalibrated,91016,0.95,-0.05,0,0.001,5,60,True,0.1320156614,0.1253178354,0.004381988736,fit_complete,`ftol` termination condition is satisfied.
S05,profile_strength_miscalibrated,91017,0.95,-0.05,0,0.001,5,60,True,0.06651762016,0.0629029664,0.002813094578,fit_complete,`xtol` termination condition is satisfied.
S05,profile_strength_miscalibrated,91018,0.95,-0.05,0,0.001,5,60,True,0.108250865,0.10592733,0.003729662472,fit_complete,`xtol` termination condition is satisfied.
S05,profile_strength_miscalibrated,91019,0.95,-0.05,0,0.001,5,60,True,0.09774313506,0.09136920137,0.001859405426,fit_complete,`xtol` termination condition is satisfied.
S05,profile_strength_miscalibrated,91020,0.95,-0.05,0,0.001,5,60,True,0.0829771109,0.08328231242,0.006837614821,fit_complete,`ftol` termination condition is satisfied.
S06,profile_strength_miscalibrated,91001,1.05,0.05,0,0.001,5,60,True,0.07669047048,0.0734709892,0.00403935935,fit_complete,`ftol` termination condition is satisfied.
S06,profile_strength_miscalibrated,91002,1.05,0.05,0,0.001,5,60,True,0.0594849449,0.05748952499,0.007169399138,fit_complete,`ftol` termination condition is satisfied.
S06,profile_strength_miscalibrated,91003,1.05,0.05,0,0.001,5,60,True,0.04770603334,0.04588625949,0.003372753451,fit_complete,`ftol` termination condition is satisfied.
S06,profile_strength_miscalibrated,91004,1.05,0.05,0,0.001,5,60,True,0.07586296011,0.07450978744,0.001368333888,fit_complete,`xtol` termination condition is satisfied.
S06,profile_strength_miscalibrated,91005,1.05,0.05,0,0.001,5,60,True,0.06405298564,0.0606055679,0.00586001496,fit_complete,`ftol` termination condition is satisfied.
S06,profile_strength_miscalibrated,91006,1.05,0.05,0,0.001,5,60,True,0.07062342122,0.06641204181,0.002365527414,fit_complete,`ftol` termination condition is satisfied.
S06,profile_strength_miscalibrated,91007,1.05,0.05,0,0.001,5,60,True,0.1002691056,0.09217883901,0.00942057764,fit_complete,`ftol` termination condition is satisfied.
S06,profile_strength_miscalibrated,91008,1.05,0.05,0,0.001,5,60,True,0.08322498988,0.08189857836,0.004646038285,fit_complete,`xtol` termination condition is satisfied.
S06,profile_strength_miscalibrated,91009,1.05,0.05,0,0.001,5,60,True,0.0756077421,0.07092071581,0.005856762783,fit_complete,`xtol` termination condition is satisfied.
S06,profile_strength_miscalibrated,91010,1.05,0.05,0,0.001,5,60,True,0.0469574961,0.045929877,0.004169967725,fit_complete,`xtol` termination condition is satisfied.
S06,profile_strength_miscalibrated,91011,1.05,0.05,0,0.001,5,60,True,0.09708092726,0.09020984847,0.002812734892,fit_complete,`ftol` termination condition is satisfied.
S06,profile_strength_miscalibrated,91012,1.05,0.05,0,0.001,5,60,True,0.08616507046,0.08773581046,0.005387515942,fit_complete,`ftol` termination condition is satisfied.
S06,profile_strength_miscalibrated,91013,1.05,0.05,0,0.001,5,60,True,0.09256953691,0.09227619259,0.009527898521,fit_complete,`ftol` termination condition is satisfied.
S06,profile_strength_miscalibrated,91014,1.05,0.05,0,0.001,5,60,True,0.1637111778,0.1534184528,0.0167991704,fit_complete,`ftol` termination condition is satisfied.
S06,profile_strength_miscalibrated,91015,1.05,0.05,0,0.001,5,60,True,0.0631461478,0.05954132458,0.006613956315,fit_complete,`xtol` termination condition is satisfied.
S06,profile_strength_miscalibrated,91016,1.05,0.05,0,0.001,5,60,True,0.05417257104,0.0556484567,0.003971826813,fit_complete,`xtol` termination condition is satisfied.
S06,profile_strength_miscalibrated,91017,1.05,0.05,0,0.001,5,60,True,0.06481940672,0.06129767748,0.002590363852,fit_complete,`xtol` termination condition is satisfied.
S06,profile_strength_miscalibrated,91018,1.05,0.05,0,0.001,5,60,True,0.07820305018,0.07967848798,0.003478031077,fit_complete,`xtol` termination condition is satisfied.
S06,profile_strength_miscalibrated,91019,1.05,0.05,0,0.001,5,60,True,0.05531343959,0.053156679,0.001779914697,fit_complete,`ftol` termination condition is satisfied.
S06,profile_strength_miscalibrated,91020,1.05,0.05,0,0.001,5,60,True,0.08135563307,0.08153568003,0.006215290552,fit_complete,`ftol` termination condition is satisfied.
S07,profile_strength_miscalibrated,91001,1.15,0.15,0,0.001,5,60,True,0.1846735748,0.174231359,0.003973148431,fit_complete,`ftol` termination condition is satisfied.
S07,profile_strength_miscalibrated,91002,1.15,0.15,0,0.001,5,60,True,0.1697644391,0.1600799151,0.008623762102,fit_complete,`ftol` termination condition is satisfied.
S07,profile_strength_miscalibrated,91003,1.15,0.15,0,0.001,5,60,True,0.1696586652,0.1599040982,0.003555912809,fit_complete,`xtol` termination condition is satisfied.
S07,profile_strength_miscalibrated,91004,1.15,0.15,0,0.001,5,60,True,0.1831022262,0.1737358456,0.001506353454,fit_complete,`ftol` termination condition is satisfied.
S07,profile_strength_miscalibrated,91005,1.15,0.15,0,0.001,5,60,True,0.1775881868,0.1672952566,0.005443521327,fit_complete,`ftol` termination condition is satisfied.
S07,profile_strength_miscalibrated,91006,1.15,0.15,0,0.001,5,60,True,0.1807094196,0.1699586518,0.002591263682,fit_complete,`xtol` termination condition is satisfied.
S07,profile_strength_miscalibrated,91007,1.15,0.15,0,0.001,5,60,True,0.1721219887,0.1637307314,0.01062025417,fit_complete,`xtol` termination condition is satisfied.
S07,profile_strength_miscalibrated,91008,1.15,0.15,0,0.001,5,60,True,0.1831449698,0.1734017572,0.004440491479,fit_complete,`xtol` termination condition is satisfied.
S07,profile_strength_miscalibrated,91009,1.15,0.15,0,0.001,5,60,True,0.1851921205,0.1741365403,0.00533259848,fit_complete,`xtol` termination condition is satisfied.
S07,profile_strength_miscalibrated,91010,1.15,0.15,0,0.001,5,60,True,0.1711055103,0.1613013338,0.004926329122,fit_complete,`ftol` termination condition is satisfied.
S07,profile_strength_miscalibrated,91011,1.15,0.15,0,0.001,5,60,True,0.1988151736,0.1861875889,0.00297871081,fit_complete,`ftol` termination condition is satisfied.
S07,profile_strength_miscalibrated,91012,1.15,0.15,0,0.001,5,60,True,0.1851824145,0.177616073,0.005053653345,fit_complete,`xtol` termination condition is satisfied.
S07,profile_strength_miscalibrated,91013,1.15,0.15,0,0.001,5,60,True,0.1888329987,0.1793010112,0.008676304264,fit_complete,`ftol` termination condition is satisfied.
S07,profile_strength_miscalibrated,91014,1.15,0.15,0,0.001,5,60,True,0.1828569854,0.1772962513,0.01687650204,fit_complete,`ftol` termination condition is satisfied.
S07,profile_strength_miscalibrated,91015,1.15,0.15,0,0.001,5,60,True,0.1760968522,0.1658587799,0.006101249002,fit_complete,`ftol` termination condition is satisfied.
S07,profile_strength_miscalibrated,91016,1.15,0.15,0,0.001,5,60,True,0.1727954763,0.1628973674,0.005830758275,fit_complete,`ftol` termination condition is satisfied.
S07,profile_strength_miscalibrated,91017,1.15,0.15,0,0.001,5,60,True,0.1775217475,0.1673438961,0.002590778283,fit_complete,Both `ftol` and `xtol` termination conditions are satisfied.
S07,profile_strength_miscalibrated,91018,1.15,0.15,0,0.001,5,60,True,0.1774339868,0.1701583856,0.003398223719,fit_complete,`xtol` termination condition is satisfied.
S07,profile_strength_miscalibrated,91019,1.15,0.15,0,0.001,5,60,True,0.1751656113,0.1656514099,0.00257385184,fit_complete,`ftol` termination condition is satisfied.
S07,profile_strength_miscalibrated,91020,1.15,0.15,0,0.001,5,60,True,0.1847667634,0.1762086694,0.005757209548,fit_complete,Both `ftol` and `xtol` termination conditions are satisfied.
S08,unmodelled_spatial_crosstalk,91001,1,0,0.05,0.001,5,60,True,0.02908047603,0.0281057073,0.00401457802,fit_complete,`xtol` termination condition is satisfied.
S08,unmodelled_spatial_crosstalk,91002,1,0,0.05,0.001,5,60,True,0.1298164649,0.1273222329,0.007707117494,fit_complete,`xtol` termination condition is satisfied.
S08,unmodelled_spatial_crosstalk,91003,1,0,0.05,0.001,5,60,True,0.07382954612,0.07509937365,0.003416740245,fit_complete,`ftol` termination condition is satisfied.
S08,unmodelled_spatial_crosstalk,91004,1,0,0.05,0.001,5,60,True,0.02541643798,0.02484253311,0.001407102707,fit_complete,`xtol` termination condition is satisfied.
S08,unmodelled_spatial_crosstalk,91005,1,0,0.05,0.001,5,60,True,0.05876085007,0.06141695053,0.00615896194,fit_complete,`xtol` termination condition is satisfied.
S08,unmodelled_spatial_crosstalk,91006,1,0,0.05,0.001,5,60,True,0.06094971737,0.06351596169,0.00227241612,fit_complete,`ftol` termination condition is satisfied.
S08,unmodelled_spatial_crosstalk,91007,1,0,0.05,0.001,5,60,True,0.1511767313,0.1391305258,0.009344658042,fit_complete,`ftol` termination condition is satisfied.
S08,unmodelled_spatial_crosstalk,91008,1,0,0.05,0.001,5,60,True,0.1051900624,0.1121302914,0.004730964154,fit_complete,`ftol` termination condition is satisfied.
S08,unmodelled_spatial_crosstalk,91009,1,0,0.05,0.001,5,60,True,0.0459083948,0.0469223224,0.006009212989,fit_complete,`xtol` termination condition is satisfied.
S08,unmodelled_spatial_crosstalk,91010,1,0,0.05,0.001,5,60,True,0.08897448198,0.08984404373,0.004159833663,fit_complete,`xtol` termination condition is satisfied.
S08,unmodelled_spatial_crosstalk,91011,1,0,0.05,0.001,5,60,True,0.05897048782,0.0568121033,0.002839806972,fit_complete,`xtol` termination condition is satisfied.
S08,unmodelled_spatial_crosstalk,91012,1,0,0.05,0.001,5,60,True,0.04236648569,0.04399303512,0.00537256001,fit_complete,`xtol` termination condition is satisfied.
S08,unmodelled_spatial_crosstalk,91013,1,0,0.05,0.001,5,60,True,0.1199587998,0.1287779821,0.009933098677,fit_complete,`ftol` termination condition is satisfied.
S08,unmodelled_spatial_crosstalk,91014,1,0,0.05,0.001,5,60,True,0.233496955,0.2145982062,0.01680469379,fit_complete,`ftol` termination condition is satisfied.
S08,unmodelled_spatial_crosstalk,91015,1,0,0.05,0.001,5,60,True,0.05397281292,0.05579843237,0.006759049988,fit_complete,Both `ftol` and `xtol` termination conditions are satisfied.
S08,unmodelled_spatial_crosstalk,91016,1,0,0.05,0.001,5,60,True,0.1173423657,0.1199333714,0.004216407376,fit_complete,`xtol` termination condition is satisfied.
S08,unmodelled_spatial_crosstalk,91017,1,0,0.05,0.001,5,60,True,0.04459924406,0.04552220041,0.002635430486,fit_complete,`ftol` termination condition is satisfied.
S08,unmodelled_spatial_crosstalk,91018,1,0,0.05,0.001,5,60,True,0.05396033005,0.05254046811,0.003538875301,fit_complete,`ftol` termination condition is satisfied.
S08,unmodelled_spatial_crosstalk,91019,1,0,0.05,0.001,5,60,True,0.05737072163,0.05493534221,0.001725368474,fit_complete,`xtol` termination condition is satisfied.
S08,unmodelled_spatial_crosstalk,91020,1,0,0.05,0.001,5,60,True,0.03031368241,0.03142603516,0.006333316403,fit_complete,`ftol` termination condition is satisfied.
S09,unmodelled_spatial_crosstalk,91001,1,0,0.15,0.001,5,60,True,0.1304982331,0.1314434522,0.003841757314,fit_complete,`xtol` termination condition is satisfied.
S09,unmodelled_spatial_crosstalk,91002,1,0,0.15,0.001,5,60,True,0.2694500953,0.2748002512,0.008106480117,fit_complete,`xtol` termination condition is satisfied.
S09,unmodelled_spatial_crosstalk,91003,1,0,0.15,0.001,5,60,True,0.2032155717,0.2092165136,0.003269347618,fit_complete,`ftol` termination condition is satisfied.
S09,unmodelled_spatial_crosstalk,91004,1,0,0.15,0.001,5,60,True,0.1230287906,0.1228276937,0.001529465582,fit_complete,`xtol` termination condition is satisfied.
S09,unmodelled_spatial_crosstalk,91005,1,0,0.15,0.001,5,60,True,0.1891982394,0.1961968653,0.00627115979,fit_complete,`xtol` termination condition is satisfied.
S09,unmodelled_spatial_crosstalk,91006,1,0,0.15,0.001,5,60,True,0.1879259591,0.1948502867,0.00220551947,fit_complete,`xtol` termination condition is satisfied.
S09,unmodelled_spatial_crosstalk,91007,1,0,0.15,0.001,5,60,True,0.2219161077,0.2149267521,0.008487102789,fit_complete,`xtol` termination condition is satisfied.
S09,unmodelled_spatial_crosstalk,91008,1,0,0.15,0.001,5,60,True,0.2562806438,0.2696943223,0.004556205709,fit_complete,`ftol` termination condition is satisfied.
S09,unmodelled_spatial_crosstalk,91009,1,0,0.15,0.001,5,60,True,0.1687608087,0.1741055336,0.005739119622,fit_complete,`xtol` termination condition is satisfied.
S09,unmodelled_spatial_crosstalk,91010,1,0,0.15,0.001,5,60,True,0.2243563345,0.2311802455,0.003884064297,fit_complete,`xtol` termination condition is satisfied.
S09,unmodelled_spatial_crosstalk,91011,1,0,0.15,0.001,5,60,True,0.158807875,0.1624542526,0.002867426573,fit_complete,`xtol` termination condition is satisfied.
S09,unmodelled_spatial_crosstalk,91012,1,0,0.15,0.001,5,60,True,0.09985173873,0.09677006983,0.005016718031,fit_complete,`xtol` termination condition is satisfied.
S09,unmodelled_spatial_crosstalk,91013,1,0,0.15,0.001,5,60,True,0.2887267739,0.3057241072,0.009782286731,fit_complete,`ftol` termination condition is satisfied.
S09,unmodelled_spatial_crosstalk,91014,1,0,0.15,0.001,5,60,True,0.2394108411,0.2220936983,0.01544969948,fit_complete,`xtol` termination condition is satisfied.
S09,unmodelled_spatial_crosstalk,91015,1,0,0.15,0.001,5,60,True,0.180871052,0.1866942909,0.006508321556,fit_complete,`xtol` termination condition is satisfied.
S09,unmodelled_spatial_crosstalk,91016,1,0,0.15,0.001,5,60,True,0.2708920253,0.2808760619,0.004369443286,fit_complete,`xtol` termination condition is satisfied.
S09,unmodelled_spatial_crosstalk,91017,1,0,0.15,0.001,5,60,True,0.1677812793,0.1724266308,0.002618422009,fit_complete,`xtol` termination condition is satisfied.
S09,unmodelled_spatial_crosstalk,91018,1,0,0.15,0.001,5,60,True,0.1178961936,0.1138867026,0.00352321185,fit_complete,`xtol` termination condition is satisfied.
S09,unmodelled_spatial_crosstalk,91019,1,0,0.15,0.001,5,60,True,0.1674449232,0.169277199,0.001729309646,fit_complete,`xtol` termination condition is satisfied.
S09,unmodelled_spatial_crosstalk,91020,1,0,0.15,0.001,5,60,True,0.1072701697,0.1054965514,0.006111839169,fit_complete,`xtol` termination condition is satisfied.
S10,unmodelled_spatial_crosstalk,91001,1,0,0.3,0.001,5,60,True,0.4583021895,0.473644507,0.006135935146,fit_complete,`ftol` termination condition is satisfied.
S10,unmodelled_spatial_crosstalk,91002,1,0,0.3,0.001,5,60,True,0.7632441071,0.7945991288,0.008781441008,fit_complete,`ftol` termination condition is satisfied.
S10,unmodelled_spatial_crosstalk,91003,1,0,0.3,0.001,5,60,True,0.6979316256,0.7299175744,0.005072710591,fit_complete,`xtol` termination condition is satisfied.
S10,unmodelled_spatial_crosstalk,91004,1,0,0.3,0.001,5,60,True,0.5204660652,0.5400568621,0.007731514966,fit_complete,`ftol` termination condition is satisfied.
S10,unmodelled_spatial_crosstalk,91005,1,0,0.3,0.001,5,60,True,0.626931302,0.6555919175,0.007157049172,fit_complete,`ftol` termination condition is satisfied.
S10,unmodelled_spatial_crosstalk,91006,1,0,0.3,0.001,5,60,True,0.5751806813,0.5998936359,0.003042850458,fit_complete,`xtol` termination condition is satisfied.
S10,unmodelled_spatial_crosstalk,91007,1,0,0.3,0.001,5,60,True,0.5477760713,0.5590434747,0.008078738859,fit_complete,`xtol` termination condition is satisfied.
S10,unmodelled_spatial_crosstalk,91008,1,0,0.3,0.001,5,60,True,0.7998989843,0.8418837471,0.004591997602,fit_complete,`xtol` termination condition is satisfied.
S10,unmodelled_spatial_crosstalk,91009,1,0,0.3,0.001,5,60,True,0.4926065959,0.5109055234,0.00549370613,fit_complete,`xtol` termination condition is satisfied.
S10,unmodelled_spatial_crosstalk,91010,1,0,0.3,0.001,5,60,True,0.7987657566,0.8375100983,0.005206420931,fit_complete,`xtol` termination condition is satisfied.
S10,unmodelled_spatial_crosstalk,91011,1,0,0.3,0.001,5,60,True,0.5737727625,0.5994457944,0.006042573128,fit_complete,`xtol` termination condition is satisfied.
S10,unmodelled_spatial_crosstalk,91012,1,0,0.3,0.001,5,60,True,0.3637235494,0.3703262297,0.00723903098,fit_complete,`xtol` termination condition is satisfied.
S10,unmodelled_spatial_crosstalk,91013,1,0,0.3,0.001,5,60,True,0.8873029746,0.9363771048,0.009673384493,fit_complete,`ftol` termination condition is satisfied.
S10,unmodelled_spatial_crosstalk,91014,1,0,0.3,0.001,5,60,True,0.4736963691,0.4720380117,0.0158994079,fit_complete,`xtol` termination condition is satisfied.
S10,unmodelled_spatial_crosstalk,91015,1,0,0.3,0.001,5,60,True,0.6106546641,0.6376187678,0.007179844663,fit_complete,`ftol` termination condition is satisfied.
S10,unmodelled_spatial_crosstalk,91016,1,0,0.3,0.001,5,60,True,0.9353390288,0.9832044437,0.005151392709,fit_complete,`xtol` termination condition is satisfied.
S10,unmodelled_spatial_crosstalk,91017,1,0,0.3,0.001,5,60,True,0.5469325586,0.5689454199,0.003800362519,fit_complete,`xtol` termination condition is satisfied.
S10,unmodelled_spatial_crosstalk,91018,1,0,0.3,0.001,5,60,True,0.4217303434,0.4307131061,0.007834729064,fit_complete,`ftol` termination condition is satisfied.
S10,unmodelled_spatial_crosstalk,91019,1,0,0.3,0.001,5,60,True,0.5714889367,0.5932412872,0.004789102035,fit_complete,`xtol` termination condition is satisfied.
S10,unmodelled_spatial_crosstalk,91020,1,0,0.3,0.001,5,60,True,0.4245860762,0.4366675093,0.008946396654,fit_complete,`ftol` termination condition is satisfied.
S11,repeated_measurement_noise,91001,1,0,0,0.003,1,12,True,0.2283755154,0.2144830758,0.04148088529,fit_complete,`ftol` termination condition is satisfied.
S11,repeated_measurement_noise,91002,1,0,0,0.003,1,12,True,0.362436337,0.3319679858,0.03351809957,fit_complete,Both `ftol` and `xtol` termination conditions are satisfied.
S11,repeated_measurement_noise,91003,1,0,0,0.003,1,12,True,0.4884197347,0.5350854669,0.04425107595,fit_complete,`xtol` termination condition is satisfied.
S11,repeated_measurement_noise,91004,1,0,0,0.003,1,12,True,0.5571993474,0.5214813254,0.04200661578,fit_complete,`ftol` termination condition is satisfied.
S11,repeated_measurement_noise,91005,1,0,0,0.003,1,12,True,0.1362777349,0.1492821167,0.02280239361,fit_complete,`ftol` termination condition is satisfied.
S11,repeated_measurement_noise,91006,1,0,0,0.003,1,12,True,0.8837045118,0.9669514381,0.05233594182,fit_complete,`ftol` termination condition is satisfied.
S11,repeated_measurement_noise,91007,1,0,0,0.003,1,12,True,0.3054839568,0.2992592117,0.04268289649,fit_complete,`xtol` termination condition is satisfied.
S11,repeated_measurement_noise,91008,1,0,0,0.003,1,12,True,0.1040897156,0.104832031,0.02017572856,fit_complete,`ftol` termination condition is satisfied.
S11,repeated_measurement_noise,91009,1,0,0,0.003,1,12,True,0.2001457203,0.213936929,0.04303524059,fit_complete,`ftol` termination condition is satisfied.
S11,repeated_measurement_noise,91010,1,0,0,0.003,1,12,True,0.5919105337,0.6455303858,0.04269882149,fit_complete,`ftol` termination condition is satisfied.
S11,repeated_measurement_noise,91011,1,0,0,0.003,1,12,True,0.8614616935,0.9426812955,0.03130385053,fit_complete,`ftol` termination condition is satisfied.
S11,repeated_measurement_noise,91012,1,0,0,0.003,1,12,True,0.4215329506,0.3901353659,0.03597836717,fit_complete,`ftol` termination condition is satisfied.
S11,repeated_measurement_noise,91013,1,0,0,0.003,1,12,True,0.2060118964,0.2038929275,0.0329291022,fit_complete,`xtol` termination condition is satisfied.
S11,repeated_measurement_noise,91014,1,0,0,0.003,1,12,True,0.4288211532,0.3960149861,0.05765883398,fit_complete,`ftol` termination condition is satisfied.
S11,repeated_measurement_noise,91015,1,0,0,0.003,1,12,True,0.5483198967,0.6029870708,0.02486143572,fit_complete,`ftol` termination condition is satisfied.
S11,repeated_measurement_noise,91016,1,0,0,0.003,1,12,True,0.2068569907,0.1898124272,0.04585227234,fit_complete,`ftol` termination condition is satisfied.
S11,repeated_measurement_noise,91017,1,0,0,0.003,1,12,True,0.1279652125,0.1264490542,0.04138116869,fit_complete,`ftol` termination condition is satisfied.
S11,repeated_measurement_noise,91018,1,0,0,0.003,1,12,True,0.1759582134,0.1764882513,0.04448466617,fit_complete,`xtol` termination condition is satisfied.
S11,repeated_measurement_noise,91019,1,0,0,0.003,1,12,False,0.3171687504,0.3350883396,0.04810658702,optimizer_not_converged,The maximum number of function evaluations is exceeded.
S11,repeated_measurement_noise,91020,1,0,0,0.003,1,12,True,0.1584532305,0.1713528085,0.07956391851,fit_complete,`xtol` termination condition is satisfied.
S12,repeated_measurement_noise,91001,1,0,0,0.003,3,36,True,0.04175893672,0.04553987487,0.0162902887,fit_complete,`ftol` termination condition is satisfied.
S12,repeated_measurement_noise,91002,1,0,0,0.003,3,36,True,0.3297247952,0.301258957,0.03740816884,fit_complete,`ftol` termination condition is satisfied.
S12,repeated_measurement_noise,91003,1,0,0,0.003,3,36,True,0.3775178386,0.3454080143,0.02275701414,fit_complete,`ftol` termination condition is satisfied.
S12,repeated_measurement_noise,91004,1,0,0,0.003,3,36,True,0.3256931824,0.2977239739,0.01709642956,fit_complete,`ftol` termination condition is satisfied.
S12,repeated_measurement_noise,91005,1,0,0,0.003,3,36,True,0.04283478559,0.04709100044,0.02321749241,fit_complete,`ftol` termination condition is satisfied.
S12,repeated_measurement_noise,91006,1,0,0,0.003,3,36,True,0.1325424,0.1395632825,0.008185532098,fit_complete,`ftol` termination condition is satisfied.
S12,repeated_measurement_noise,91007,1,0,0,0.003,3,36,True,0.3451045558,0.3153970342,0.03942558956,fit_complete,`ftol` termination condition is satisfied.
S12,repeated_measurement_noise,91008,1,0,0,0.003,3,36,True,0.1248134985,0.1376810924,0.00841116245,fit_complete,`xtol` termination condition is satisfied.
S12,repeated_measurement_noise,91009,1,0,0,0.003,3,36,True,0.1422540145,0.1539256474,0.02733294401,fit_complete,`xtol` termination condition is satisfied.
S12,repeated_measurement_noise,91010,1,0,0,0.003,3,36,True,0.3255538607,0.3545771894,0.01320311001,fit_complete,`ftol` termination condition is satisfied.
S12,repeated_measurement_noise,91011,1,0,0,0.003,3,36,True,0.1186395418,0.1206971521,0.01084983125,fit_complete,`ftol` termination condition is satisfied.
S12,repeated_measurement_noise,91012,1,0,0,0.003,3,36,True,0.2383040996,0.2287222995,0.01970852828,fit_complete,`ftol` termination condition is satisfied.
S12,repeated_measurement_noise,91013,1,0,0,0.003,3,36,True,0.5704249789,0.6278300995,0.03465002265,fit_complete,`ftol` termination condition is satisfied.
S12,repeated_measurement_noise,91014,1,0,0,0.003,3,36,True,0.5218627621,0.4874854321,0.06547756052,fit_complete,`ftol` termination condition is satisfied.
S12,repeated_measurement_noise,91015,1,0,0,0.003,3,36,True,0.602736213,0.6620995515,0.02362572751,fit_complete,`ftol` termination condition is satisfied.
S12,repeated_measurement_noise,91016,1,0,0,0.003,3,36,True,0.2965613675,0.2747771151,0.01930034762,fit_complete,`ftol` termination condition is satisfied.
S12,repeated_measurement_noise,91017,1,0,0,0.003,3,36,True,0.07601987719,0.07917348584,0.01688950741,fit_complete,`ftol` termination condition is satisfied.
S12,repeated_measurement_noise,91018,1,0,0,0.003,3,36,True,0.1352624455,0.1375970959,0.025695524,fit_complete,`ftol` termination condition is satisfied.
S12,repeated_measurement_noise,91019,1,0,0,0.003,3,36,True,0.2929038336,0.2678526897,0.02487411558,fit_complete,`ftol` termination condition is satisfied.
S12,repeated_measurement_noise,91020,1,0,0,0.003,3,36,True,0.2983591173,0.287533881,0.03738147209,fit_complete,`ftol` termination condition is satisfied.
S13,repeated_measurement_noise,91001,1,0,0,0.003,10,120,True,0.1255121902,0.1228196957,0.01717569617,fit_complete,`xtol` termination condition is satisfied.
S13,repeated_measurement_noise,91002,1,0,0,0.003,10,120,True,0.1960204364,0.2079618572,0.01248419404,fit_complete,`ftol` termination condition is satisfied.
S13,repeated_measurement_noise,91003,1,0,0,0.003,10,120,True,0.1557635043,0.1714945249,0.008572888165,fit_complete,`ftol` termination condition is satisfied.
S13,repeated_measurement_noise,91004,1,0,0,0.003,10,120,True,0.0507529484,0.05529802284,0.006479110819,fit_complete,`ftol` termination condition is satisfied.
S13,repeated_measurement_noise,91005,1,0,0,0.003,10,120,True,0.04282511556,0.04258445292,0.009423041929,fit_complete,`xtol` termination condition is satisfied.
S13,repeated_measurement_noise,91006,1,0,0,0.003,10,120,True,0.07708595567,0.07760443855,0.009763070174,fit_complete,`ftol` termination condition is satisfied.
S13,repeated_measurement_noise,91007,1,0,0,0.003,10,120,True,0.2789822748,0.2569360181,0.009645806836,fit_complete,`ftol` termination condition is satisfied.
S13,repeated_measurement_noise,91008,1,0,0,0.003,10,120,True,0.1137636616,0.120489954,0.01173711615,fit_complete,`ftol` termination condition is satisfied.
S13,repeated_measurement_noise,91009,1,0,0,0.003,10,120,True,0.04211124696,0.03916939581,0.0174115026,fit_complete,`ftol` termination condition is satisfied.
S13,repeated_measurement_noise,91010,1,0,0,0.003,10,120,True,0.3468055392,0.3171346883,0.01502012048,fit_complete,`ftol` termination condition is satisfied.
S13,repeated_measurement_noise,91011,1,0,0,0.003,10,120,True,0.1041801066,0.09700447292,0.006593101451,fit_complete,`xtol` termination condition is satisfied.
S13,repeated_measurement_noise,91012,1,0,0,0.003,10,120,True,0.06312013318,0.06926723304,0.007082784605,fit_complete,`xtol` termination condition is satisfied.
S13,repeated_measurement_noise,91013,1,0,0,0.003,10,120,True,0.148035167,0.1634753801,0.009515758279,fit_complete,`ftol` termination condition is satisfied.
S13,repeated_measurement_noise,91014,1,0,0,0.003,10,120,True,0.3951836038,0.3649098157,0.02968553353,fit_complete,`ftol` termination condition is satisfied.
S13,repeated_measurement_noise,91015,1,0,0,0.003,10,120,True,0.07457743382,0.0688554862,0.02738761275,fit_complete,`xtol` termination condition is satisfied.
S13,repeated_measurement_noise,91016,1,0,0,0.003,10,120,True,0.2998438114,0.2739130961,0.007309425816,fit_complete,`xtol` termination condition is satisfied.
S13,repeated_measurement_noise,91017,1,0,0,0.003,10,120,True,0.08088128714,0.08900196533,0.005197529069,fit_complete,`xtol` termination condition is satisfied.
S13,repeated_measurement_noise,91018,1,0,0,0.003,10,120,True,0.1283265866,0.1355475482,0.01188139127,fit_complete,`ftol` termination condition is satisfied.
S13,repeated_measurement_noise,91019,1,0,0,0.003,10,120,True,0.1566489577,0.1464776452,0.01123187088,fit_complete,`ftol` termination condition is satisfied.
S13,repeated_measurement_noise,91020,1,0,0,0.003,10,120,True,0.1448138933,0.1492735365,0.01387532629,fit_complete,`ftol` termination condition is satisfied.
