movie,n,scenario,replicate,noise_fraction,query_count,repeat_factor,q_error,root_gain,finite_clamp_penalty,quantization_fraction,fit_success,fit_residual,jacobian_condition,status,L_relative_error,C_relative_error,topology_precision,topology_recall,topology_F1
E3,5,ideal_control,0,0.001,77,1,0,1,,0,True,0.0007606680919,4848.812544,`gtol` termination condition is satisfied.,0.05691506977,0.1319409433,1,1,1
E3,5,ideal_control,1,0.001,77,1,0,1,,0,True,0.0008516393544,5587.702945,`gtol` termination condition is satisfied.,0.03113474777,0.2022215558,1,1,1
E3,5,ideal_control,2,0.001,77,1,0,1,,0,True,0.000926184793,5317.85877,`gtol` termination condition is satisfied.,0.03724330393,0.07549510625,1,1,1
E3,5,ideal_control,3,0.001,77,1,0,1,,0,True,0.0008252607716,5476.375825,`gtol` termination condition is satisfied.,0.02443926401,0.3296554166,1,1,1
E3,5,ideal_control,4,0.001,77,1,0,1,,0,True,0.001029045313,5365.603594,`ftol` termination condition is satisfied.,0.01628170261,0.1786113553,1,1,1
E3,5,shunt_bias_minus_15pct,0,0.001,77,1,-0.15,1,,0,True,0.0007938940852,5957.857344,`gtol` termination condition is satisfied.,0.1453342619,0.175368579,1,1,1
E3,5,shunt_bias_minus_15pct,1,0.001,77,1,-0.15,1,,0,True,0.0008870324446,6231.581988,`gtol` termination condition is satisfied.,0.1592844442,0.2779551509,1,1,1
E3,5,shunt_bias_minus_15pct,2,0.001,77,1,-0.15,1,,0,True,0.0009873686643,5853.237226,`gtol` termination condition is satisfied.,0.1361543631,0.1883176443,1,1,1
E3,5,shunt_bias_minus_15pct,3,0.001,77,1,-0.15,1,,0,True,0.0008226481159,6271.914229,`gtol` termination condition is satisfied.,0.1624711257,0.1945467503,1,1,1
E3,5,shunt_bias_minus_15pct,4,0.001,77,1,-0.15,1,,0,True,0.001003920364,5322.237133,`gtol` termination condition is satisfied.,0.1133409733,0.196267405,1,1,1
E3,5,shunt_bias_minus_5pct,0,0.001,77,1,-0.05,1,,0,True,0.0008191219753,5556.68587,`gtol` termination condition is satisfied.,0.09965398686,0.1615290827,0.8333333333,1,0.9090909091
E3,5,shunt_bias_minus_5pct,1,0.001,77,1,-0.05,1,,0,True,0.0007736758637,5020.66687,`gtol` termination condition is satisfied.,0.04705810792,0.06955503261,1,1,1
E3,5,shunt_bias_minus_5pct,2,0.001,77,1,-0.05,1,,0,True,0.0008856325124,5925.910338,`gtol` termination condition is satisfied.,0.076199115,0.2274700937,1,1,1
E3,5,shunt_bias_minus_5pct,3,0.001,77,1,-0.05,1,,0,True,0.0008637450251,5885.163407,`ftol` termination condition is satisfied.,0.07332078246,0.07384080455,1,1,1
E3,5,shunt_bias_minus_5pct,4,0.001,77,1,-0.05,1,,0,True,0.0009111947261,5937.569155,`gtol` termination condition is satisfied.,0.06838634224,0.3652194493,1,1,1
E3,5,shunt_bias_plus_5pct,0,0.001,77,1,0.05,1,,0,True,0.0008826845306,5415.388894,`gtol` termination condition is satisfied.,0.07936691647,0.4410115601,1,1,1
E3,5,shunt_bias_plus_5pct,1,0.001,77,1,0.05,1,,0,True,0.0009009066744,5272.122992,`gtol` termination condition is satisfied.,0.05533504245,0.2220793056,1,1,1
E3,5,shunt_bias_plus_5pct,2,0.001,77,1,0.05,1,,0,True,0.0007922978471,5432.827346,`gtol` termination condition is satisfied.,0.04326115082,0.1410961346,1,1,1
E3,5,shunt_bias_plus_5pct,3,0.001,77,1,0.05,1,,0,True,0.0007524846855,5467.328487,`gtol` termination condition is satisfied.,0.04563872202,0.3322406331,1,1,1
E3,5,shunt_bias_plus_5pct,4,0.001,77,1,0.05,1,,0,True,0.0009321731243,5222.043009,`gtol` termination condition is satisfied.,0.0991027151,0.3386246345,1,1,1
E3,5,shunt_bias_plus_15pct,0,0.001,77,1,0.15,1,,0,True,0.0007744682946,5233.560289,`gtol` termination condition is satisfied.,0.1231117107,0.1678672989,1,1,1
E3,5,shunt_bias_plus_15pct,1,0.001,77,1,0.15,1,,0,True,0.0009073385324,5214.171799,`gtol` termination condition is satisfied.,0.1181203646,0.1901691132,1,1,1
E3,5,shunt_bias_plus_15pct,2,0.001,77,1,0.15,1,,0,True,0.0009753921874,5299.777325,`gtol` termination condition is satisfied.,0.1225107594,0.1912759113,1,1,1
E3,5,shunt_bias_plus_15pct,3,0.001,77,1,0.15,1,,0,True,0.0009017600931,5169.664334,`gtol` termination condition is satisfied.,0.1282908458,0.1824461825,1,1,1
E3,5,shunt_bias_plus_15pct,4,0.001,77,1,0.15,1,,0,True,0.001002273445,4253.980368,`gtol` termination condition is satisfied.,0.1965557558,0.3130485271,0.8333333333,1,0.9090909091
E3,5,finite_clamp_50x_median_diagonal,0,0.001,77,1,0,1,574.5366707,0,True,0.001079417368,5302.168721,`ftol` termination condition is satisfied.,0.02677026068,0.129680662,1,1,1
E3,5,finite_clamp_50x_median_diagonal,1,0.001,77,1,0,1,574.5366707,0,True,0.00138657898,4926.067471,`ftol` termination condition is satisfied.,0.05858891232,0.07586288231,1,1,1
E3,5,finite_clamp_50x_median_diagonal,2,0.001,77,1,0,1,574.5366707,0,True,0.001264833765,5246.096501,`ftol` termination condition is satisfied.,0.0551073933,0.0347228354,1,1,1
E3,5,finite_clamp_50x_median_diagonal,3,0.001,77,1,0,1,574.5366707,0,True,0.001378822303,5341.811704,`gtol` termination condition is satisfied.,0.02471242348,0.01845064145,1,1,1
E3,5,finite_clamp_50x_median_diagonal,4,0.001,77,1,0,1,574.5366707,0,True,0.001383887167,5072.837821,`gtol` termination condition is satisfied.,0.04809053725,0.04537195061,1,1,1
E3,5,quantization_0p1pct_baseline,0,0.001,77,1,0,1,,0.001,True,0.000829078684,5349.30328,`gtol` termination condition is satisfied.,0.05568513876,0.2687011082,1,1,1
E3,5,quantization_0p1pct_baseline,1,0.001,77,1,0,1,,0.001,True,0.001038846365,5374.867298,`gtol` termination condition is satisfied.,0.02105938041,0.2317757735,1,1,1
E3,5,quantization_0p1pct_baseline,2,0.001,77,1,0,1,,0.001,True,0.001236339644,4825.066817,`gtol` termination condition is satisfied.,0.0623964448,0.1721523736,1,1,1
E3,5,quantization_0p1pct_baseline,3,0.001,77,1,0,1,,0.001,True,0.0009930970107,5105.40733,`gtol` termination condition is satisfied.,0.04809875111,0.08797290473,1,1,1
E3,5,quantization_0p1pct_baseline,4,0.001,77,1,0,1,,0.001,True,0.001027918409,5486.949341,`gtol` termination condition is satisfied.,0.04602486005,0.1315494447,1,1,1
E3,5,quantization_0p5pct_baseline,0,0.001,77,1,0,1,,0.005,True,0.001078211413,4623.770259,`gtol` termination condition is satisfied.,0.07701759374,0.1837570588,0.8333333333,1,0.9090909091
E3,5,quantization_0p5pct_baseline,1,0.001,77,1,0,1,,0.005,True,0.001304621534,5345.957308,`ftol` termination condition is satisfied.,0.04680525622,0.03963833419,1,1,1
E3,5,quantization_0p5pct_baseline,2,0.001,77,1,0,1,,0.005,True,0.001226211937,5015.666255,`gtol` termination condition is satisfied.,0.04376113357,0.1188853407,1,1,1
E3,5,quantization_0p5pct_baseline,3,0.001,77,1,0,1,,0.005,True,0.001030927175,6036.175913,`gtol` termination condition is satisfied.,0.09588592547,0.08534479145,1,1,1
E3,5,quantization_0p5pct_baseline,4,0.001,77,1,0,1,,0.005,True,0.001162723116,5472.835931,`gtol` termination condition is satisfied.,0.01439188413,0.1415895314,1,1,1
E3,5,root_gain_plus_5pct,0,0.001,77,1,0,1.05,,0,True,0.0009452620943,5026.84979,`gtol` termination condition is satisfied.,0.0612143997,0.2706337704,1,1,1
E3,5,root_gain_plus_5pct,1,0.001,77,1,0,1.05,,0,True,0.0009538071421,5112.940068,`gtol` termination condition is satisfied.,0.04697185054,0.1647877998,1,1,1
E3,5,root_gain_plus_5pct,2,0.001,77,1,0,1.05,,0,True,0.0008158670489,4814.970936,`gtol` termination condition is satisfied.,0.0696574279,0.2435448132,0.8333333333,1,0.9090909091
E3,5,root_gain_plus_5pct,3,0.001,77,1,0,1.05,,0,True,0.0008634190465,5231.630901,`gtol` termination condition is satisfied.,0.03726112308,0.05483804899,1,1,1
E3,5,root_gain_plus_5pct,4,0.001,77,1,0,1.05,,0,True,0.0008934453039,5410.83148,`gtol` termination condition is satisfied.,0.04119569249,0.3190204338,1,1,1
E3,5,repeated_all_queries_x3,0,0.001,231,3,0,1,,0,True,0.000977233393,5659.554766,`gtol` termination condition is satisfied.,0.02056263792,0.1236307807,1,1,1
E3,5,repeated_all_queries_x3,1,0.001,231,3,0,1,,0,True,0.0009794410803,5636.980043,`gtol` termination condition is satisfied.,0.01337999581,0.08632376408,1,1,1
E3,5,repeated_all_queries_x3,2,0.001,231,3,0,1,,0,True,0.0008981581372,5492.13537,`gtol` termination condition is satisfied.,0.006616978842,0.09468379873,1,1,1
E3,5,repeated_all_queries_x3,3,0.001,231,3,0,1,,0,True,0.0009525192011,5425.839597,`gtol` termination condition is satisfied.,0.0364092705,0.05983376632,1,1,1
E3,5,repeated_all_queries_x3,4,0.001,231,3,0,1,,0,True,0.001033617357,5387.774188,`ftol` termination condition is satisfied.,0.02256088954,0.1024952005,1,1,1
