scenario,cases,failure_rate,queries_median,L_error_median,C_error_median,topology_F1_median,residual_median,condition_median
finite_clamp_50x_median_diagonal,5,0,77,0.04809053725,0.04537195061,1,0.001378822303,5246.096501
ideal_control,5,0,77,0.03113474777,0.1786113553,1,0.0008516393544,5365.603594
quantization_0p1pct_baseline,5,0,77,0.04809875111,0.1721523736,1,0.001027918409,5349.30328
quantization_0p5pct_baseline,5,0,77,0.04680525622,0.1188853407,1,0.001162723116,5345.957308
repeated_all_queries_x3,5,0,231,0.02056263792,0.09468379873,1,0.000977233393,5492.13537
root_gain_plus_5pct,5,0,77,0.04697185054,0.2435448132,1,0.0008934453039,5112.940068
shunt_bias_minus_15pct,5,0,77,0.1453342619,0.1945467503,1,0.0008870324446,5957.857344
shunt_bias_minus_5pct,5,0,77,0.07332078246,0.1615290827,1,0.0008637450251,5885.163407
shunt_bias_plus_15pct,5,0,77,0.1231117107,0.1901691132,1,0.0009073385324,5214.171799
shunt_bias_plus_5pct,5,0,77,0.05533504245,0.3322406331,1,0.0008826845306,5415.388894
