ensemble,cases,failure_rate,query_count,L_error_median,L_error_p90,C_error_median,C_error_p90,topology_F1_median,residual_median,condition_median
constant_edge_mapping,36,0,77,0.01949135718,0.05722434067,0.08460027066,0.3833482389,1,0.0008629825406,2517.132133
heterogeneous_edges,36,0,77,0.03224884876,0.1185776005,0.1155070656,0.4917211855,1,0.0009178877186,3384.230263
high_edge_ratio,36,0,77,0.02033428751,0.252863355,0.08239470081,0.2675659866,0.9545454545,0.001060676167,2496.643524
high_stiffness,36,0,77,0.02914811908,0.2556904912,0.1585008552,0.3806367161,1,0.0008021461464,5530.423117
high_storage,36,0,77,0.02416806281,0.07779121717,0.08849900061,0.2913212931,1,0.0009288403691,2691.275125
low_edge_ratio,36,0,77,0.1831801237,0.3797376569,0.5873889154,2.885468763,1,0.0009038883055,178973.7812
low_stiffness,36,0,77,0.02093271318,0.05117907745,0.0964501548,0.3128649434,1,0.0009121681834,2447.236062
low_storage,36,0,77,0.02907040148,0.06192788233,0.1349338251,0.6377342957,1,0.0008838166505,2829.506089
reference,36,0,77,0.03355907808,0.07268160456,0.0764878584,0.2141333504,1,0.0008739564988,2660.632179
