design,noise_fraction,cases,failure_rate,median_queries,L_relative_error_median,L_relative_error_p90,C_relative_error_median,C_relative_error_p90,topology_precision_median,topology_precision_p90,topology_recall_median,topology_recall_p90,topology_F1_median,topology_F1_p90,fit_residual_median,fit_residual_p90,jacobian_condition_median,jacobian_condition_p90,query_count_median,query_count_p90
high_redundancy,0,30,0,77,1.083320878e-05,2.202645614e-05,3.691901317e-06,4.880649227e-06,1,1,1,1,1,1,5.023641217e-08,1.043489786e-07,2982.088137,7240.023135,77,80.3
high_redundancy,0.0001,24,0,77,0.002802576618,0.01092391201,0.01011686898,0.02635466195,1,1,1,1,1,1,8.940717019e-05,0.0001006367403,3236.064835,7088.4442,77,77
high_redundancy,0.0003,24,0,77,0.008789302917,0.02369024612,0.03027781684,0.05951406322,1,1,1,1,1,1,0.000253709128,0.0002936386259,3144.271566,7044.403193,77,77
high_redundancy,0.001,30,0,77,0.02912374288,0.06880032618,0.1145393326,0.2733411533,1,1,1,1,1,1,0.0009009764646,0.001006187114,3019.670834,7156.843762,77,80.3
high_redundancy,0.003,24,0,77,0.05428145756,0.1446895272,0.3037613769,0.7268807418,1,1,1,1,1,1,0.002637073234,0.003031540855,2722.751396,26647.15292,77,77
minimal_exact_budget,0,30,0,20,1.244711306e-12,2.404127209e-12,2.115772863e-11,6.800362626e-11,1,1,1,1,1,1,,,,,20,20.7
minimal_exact_budget,0.0001,24,1,15,,,,,,,,,,,,,,,15,15
minimal_exact_budget,0.0003,24,1,11.5,,,,,,,,,,,,,,,11.5,14.7
minimal_exact_budget,0.001,30,1,10,,,,,,,,,,,,,,,10,12.1
minimal_exact_budget,0.003,24,1,10,,,,,,,,,,,,,,,10,10
moderate_redundancy,0,30,0,37,0.001061737732,0.005342266134,0.0005283255648,0.003514142624,1,1,1,1,1,1,4.077039554e-07,1.845149969e-06,14532.14228,42520.57284,37,38.3
moderate_redundancy,0.0001,24,0,37,0.03279669026,0.07707403818,0.02529917222,0.05601496242,1,1,1,1,1,1,7.288793258e-05,9.381131345e-05,14130.57845,41082.11546,37,37
moderate_redundancy,0.0003,24,0,37,0.0785320717,0.186623186,0.0680773673,0.3699906051,0.8333333333,1,1,1,0.9090909091,1,0.0002190641583,0.0002643996333,12790.2238,30663.66676,37,37
moderate_redundancy,0.001,30,0,37,0.2124361323,0.4717928993,0.3843161393,0.8169299717,0.8166666667,1,1,1,0.898989899,1,0.0007574070302,0.0008928737921,12229.28256,68432.71173,37,38.3
moderate_redundancy,0.003,24,0,37,0.3595548248,0.6320376821,0.7341842028,2.933994352,0.6666666667,0.8083333333,1,1,0.8,0.8722222222,0.002125395609,0.002679906232,16095.31978,97672.64724,37,37
