design,noise_fraction,noise_percent,cutoff,total_cases,scored_cases,fit_success_cases,fit_failure_cases,topology_precision_median,topology_precision_q25,topology_precision_q75,topology_precision_IQR,topology_recall_median,topology_recall_q25,topology_recall_q75,topology_recall_IQR,topology_F1_median,topology_F1_q25,topology_F1_q75,topology_F1_IQR
high_redundancy,0,0,0.15,24,24,24,0,1,1,1,0,1,1,1,0,1,1,1,0
high_redundancy,0,0,0.2,24,24,24,0,1,1,1,0,1,1,1,0,1,1,1,0
high_redundancy,0,0,0.25,24,24,24,0,1,1,1,0,1,1,1,0,1,1,1,0
high_redundancy,0,0,0.3,24,24,24,0,1,1,1,0,1,1,1,0,1,1,1,0
high_redundancy,0,0,0.35,24,24,24,0,1,1,1,0,1,1,1,0,1,1,1,0
high_redundancy,0.0001,0.01,0.15,24,24,24,0,1,1,1,0,1,1,1,0,1,1,1,0
high_redundancy,0.0001,0.01,0.2,24,24,24,0,1,1,1,0,1,1,1,0,1,1,1,0
high_redundancy,0.0001,0.01,0.25,24,24,24,0,1,1,1,0,1,1,1,0,1,1,1,0
high_redundancy,0.0001,0.01,0.3,24,24,24,0,1,1,1,0,1,1,1,0,1,1,1,0
high_redundancy,0.0001,0.01,0.35,24,24,24,0,1,1,1,0,1,1,1,0,1,1,1,0
high_redundancy,0.0003,0.03,0.15,24,24,24,0,1,1,1,0,1,1,1,0,1,1,1,0
high_redundancy,0.0003,0.03,0.2,24,24,24,0,1,1,1,0,1,1,1,0,1,1,1,0
high_redundancy,0.0003,0.03,0.25,24,24,24,0,1,1,1,0,1,1,1,0,1,1,1,0
high_redundancy,0.0003,0.03,0.3,24,24,24,0,1,1,1,0,1,1,1,0,1,1,1,0
high_redundancy,0.0003,0.03,0.35,24,24,24,0,1,1,1,0,1,1,1,0,1,1,1,0
high_redundancy,0.001,0.1,0.15,24,24,24,0,1,0.8333333333,1,0.1666666667,1,1,1,0,1,0.9090909091,1,0.09090909091
high_redundancy,0.001,0.1,0.2,24,24,24,0,1,1,1,0,1,1,1,0,1,1,1,0
high_redundancy,0.001,0.1,0.25,24,24,24,0,1,1,1,0,1,1,1,0,1,1,1,0
high_redundancy,0.001,0.1,0.3,24,24,24,0,1,1,1,0,1,1,1,0,1,1,1,0
high_redundancy,0.001,0.1,0.35,24,24,24,0,1,1,1,0,1,1,1,0,1,1,1,0
high_redundancy,0.003,0.3,0.15,24,24,24,0,0.8333333333,0.8,1,0.2,1,1,1,0,0.9090909091,0.8888888889,1,0.1111111111
high_redundancy,0.003,0.3,0.2,24,24,24,0,0.9166666667,0.8,1,0.2,1,1,1,0,0.9545454545,0.8888888889,1,0.1111111111
high_redundancy,0.003,0.3,0.25,24,24,24,0,1,0.8333333333,1,0.1666666667,1,1,1,0,1,0.9090909091,1,0.09090909091
high_redundancy,0.003,0.3,0.3,24,24,24,0,1,0.8333333333,1,0.1666666667,1,1,1,0,1,0.9090909091,1,0.09090909091
high_redundancy,0.003,0.3,0.35,24,24,24,0,1,1,1,0,1,1,1,0,1,1,1,0
minimal_exact_budget,0,0,0.15,24,24,24,0,1,1,1,0,1,1,1,0,1,1,1,0
minimal_exact_budget,0,0,0.2,24,24,24,0,1,1,1,0,1,1,1,0,1,1,1,0
minimal_exact_budget,0,0,0.25,24,24,24,0,1,1,1,0,1,1,1,0,1,1,1,0
minimal_exact_budget,0,0,0.3,24,24,24,0,1,1,1,0,1,1,1,0,1,1,1,0
minimal_exact_budget,0,0,0.35,24,24,24,0,1,1,1,0,1,1,1,0,1,1,1,0
minimal_exact_budget,0.0001,0.01,0.15,24,0,0,24,,,,,,,,,,,,
minimal_exact_budget,0.0001,0.01,0.2,24,0,0,24,,,,,,,,,,,,
minimal_exact_budget,0.0001,0.01,0.25,24,0,0,24,,,,,,,,,,,,
minimal_exact_budget,0.0001,0.01,0.3,24,0,0,24,,,,,,,,,,,,
minimal_exact_budget,0.0001,0.01,0.35,24,0,0,24,,,,,,,,,,,,
minimal_exact_budget,0.0003,0.03,0.15,24,0,0,24,,,,,,,,,,,,
minimal_exact_budget,0.0003,0.03,0.2,24,0,0,24,,,,,,,,,,,,
minimal_exact_budget,0.0003,0.03,0.25,24,0,0,24,,,,,,,,,,,,
minimal_exact_budget,0.0003,0.03,0.3,24,0,0,24,,,,,,,,,,,,
minimal_exact_budget,0.0003,0.03,0.35,24,0,0,24,,,,,,,,,,,,
minimal_exact_budget,0.001,0.1,0.15,24,0,0,24,,,,,,,,,,,,
minimal_exact_budget,0.001,0.1,0.2,24,0,0,24,,,,,,,,,,,,
minimal_exact_budget,0.001,0.1,0.25,24,0,0,24,,,,,,,,,,,,
minimal_exact_budget,0.001,0.1,0.3,24,0,0,24,,,,,,,,,,,,
minimal_exact_budget,0.001,0.1,0.35,24,0,0,24,,,,,,,,,,,,
minimal_exact_budget,0.003,0.3,0.15,24,0,0,24,,,,,,,,,,,,
minimal_exact_budget,0.003,0.3,0.2,24,0,0,24,,,,,,,,,,,,
minimal_exact_budget,0.003,0.3,0.25,24,0,0,24,,,,,,,,,,,,
minimal_exact_budget,0.003,0.3,0.3,24,0,0,24,,,,,,,,,,,,
minimal_exact_budget,0.003,0.3,0.35,24,0,0,24,,,,,,,,,,,,
moderate_redundancy,0,0,0.15,24,24,24,0,1,1,1,0,1,1,1,0,1,1,1,0
moderate_redundancy,0,0,0.2,24,24,24,0,1,1,1,0,1,1,1,0,1,1,1,0
moderate_redundancy,0,0,0.25,24,24,24,0,1,1,1,0,1,1,1,0,1,1,1,0
moderate_redundancy,0,0,0.3,24,24,24,0,1,1,1,0,1,1,1,0,1,1,1,0
moderate_redundancy,0,0,0.35,24,24,24,0,1,1,1,0,1,1,1,0,1,1,1,0
moderate_redundancy,0.0001,0.01,0.15,24,24,24,0,1,0.8333333333,1,0.1666666667,1,1,1,0,1,0.9090909091,1,0.09090909091
moderate_redundancy,0.0001,0.01,0.2,24,24,24,0,1,1,1,0,1,1,1,0,1,1,1,0
moderate_redundancy,0.0001,0.01,0.25,24,24,24,0,1,1,1,0,1,1,1,0,1,1,1,0
moderate_redundancy,0.0001,0.01,0.3,24,24,24,0,1,1,1,0,1,1,1,0,1,1,1,0
moderate_redundancy,0.0001,0.01,0.35,24,24,24,0,1,1,1,0,1,1,1,0,1,1,1,0
moderate_redundancy,0.0003,0.03,0.15,24,24,24,0,0.8333333333,0.7142857143,0.875,0.1607142857,1,1,1,0,0.9090909091,0.8333333333,0.9318181818,0.09848484848
moderate_redundancy,0.0003,0.03,0.2,24,24,24,0,0.8333333333,0.8,1,0.2,1,1,1,0,0.9090909091,0.8888888889,1,0.1111111111
moderate_redundancy,0.0003,0.03,0.25,24,24,24,0,0.8333333333,0.8,1,0.2,1,1,1,0,0.9090909091,0.8888888889,1,0.1111111111
moderate_redundancy,0.0003,0.03,0.3,24,24,24,0,0.8333333333,0.825,1,0.175,1,1,1,0,0.9090909091,0.904040404,1,0.09595959596
moderate_redundancy,0.0003,0.03,0.35,24,24,24,0,1,0.8333333333,1,0.1666666667,1,1,1,0,1,0.9090909091,1,0.09090909091
moderate_redundancy,0.001,0.1,0.15,24,24,24,0,0.7142857143,0.65625,0.8333333333,0.1770833333,1,1,1,0,0.8333333333,0.7587412587,0.9090909091,0.1503496503
moderate_redundancy,0.001,0.1,0.2,24,24,24,0,0.7142857143,0.6666666667,0.8333333333,0.1666666667,1,1,1,0,0.8333333333,0.8,0.9090909091,0.1090909091
moderate_redundancy,0.001,0.1,0.25,24,24,24,0,0.8,0.7023809524,0.8333333333,0.130952381,1,1,1,0,0.8888888889,0.825,0.9090909091,0.08409090909
moderate_redundancy,0.001,0.1,0.3,24,24,24,0,0.8166666667,0.7142857143,0.875,0.1607142857,1,1,1,0,0.898989899,0.8333333333,0.9318181818,0.09848484848
moderate_redundancy,0.001,0.1,0.35,24,24,24,0,0.8333333333,0.8,1,0.2,1,1,1,0,0.9090909091,0.875,1,0.125
moderate_redundancy,0.003,0.3,0.15,24,24,24,0,0.6458333333,0.625,0.7142857143,0.08928571429,1,1,1,0,0.7846153846,0.7692307692,0.8333333333,0.0641025641
moderate_redundancy,0.003,0.3,0.2,24,24,24,0,0.6666666667,0.625,0.7142857143,0.08928571429,1,1,1,0,0.7846153846,0.7692307692,0.8333333333,0.0641025641
moderate_redundancy,0.003,0.3,0.25,24,24,24,0,0.6666666667,0.625,0.7142857143,0.08928571429,1,1,1,0,0.8,0.7692307692,0.8333333333,0.0641025641
moderate_redundancy,0.003,0.3,0.3,24,24,24,0,0.6666666667,0.625,0.7142857143,0.08928571429,1,1,1,0,0.8,0.7692307692,0.8333333333,0.0641025641
moderate_redundancy,0.003,0.3,0.35,24,24,24,0,0.7142857143,0.6666666667,0.7232142857,0.05654761905,1,1,1,0,0.8333333333,0.7692307692,0.8333333333,0.0641025641
