movie,n,draw_id,parameter,index,value,edge_length_px
E3,4,0,local_grounding_normalized_to_16_pN_per_nm,0,1.051697065,
E3,4,0,local_grounding_normalized_to_16_pN_per_nm,1,1.016642186,
E3,4,0,local_grounding_normalized_to_16_pN_per_nm,2,0.9635586531,
E3,4,0,local_grounding_normalized_to_16_pN_per_nm,3,1.088213319,
E3,4,0,edge_weight_reference_kMZ_over_kTT_length_scaled,1-2,4.997401188,4.738614611
E3,4,0,edge_weight_reference_kMZ_over_kTT_length_scaled,1-0,4.613299409,4.967603853
E3,4,0,edge_weight_reference_kMZ_over_kTT_length_scaled,3-2,12.52892304,1.570241492
E3,4,0,dimensionless_storage_C_not_calibrated,0,1.062456774,
E3,4,0,dimensionless_storage_C_not_calibrated,1,1.074300947,
E3,4,0,dimensionless_storage_C_not_calibrated,2,0.9151134068,
E3,4,0,dimensionless_storage_C_not_calibrated,3,0.9278344876,
E3,5,0,local_grounding_normalized_to_16_pN_per_nm,0,0.9912630326,
E3,5,0,local_grounding_normalized_to_16_pN_per_nm,1,0.896989575,
E3,5,0,local_grounding_normalized_to_16_pN_per_nm,2,0.9190729671,
E3,5,0,local_grounding_normalized_to_16_pN_per_nm,3,0.8777500112,
E3,5,0,local_grounding_normalized_to_16_pN_per_nm,4,0.8762240197,
E3,5,0,edge_weight_reference_kMZ_over_kTT_length_scaled,1-2,5.284722575,4.738614611
E3,5,0,edge_weight_reference_kMZ_over_kTT_length_scaled,2-4,3.735588887,6.579163045
E3,5,0,edge_weight_reference_kMZ_over_kTT_length_scaled,0-1,5.184197305,4.967603853
E3,5,0,edge_weight_reference_kMZ_over_kTT_length_scaled,3-2,16.70218189,1.570241492
E3,5,0,edge_weight_reference_kMZ_over_kTT_length_scaled,3-4,5.048005967,5.166128705
E3,5,0,dimensionless_storage_C_not_calibrated,0,0.8510001696,
E3,5,0,dimensionless_storage_C_not_calibrated,1,0.8663012333,
E3,5,0,dimensionless_storage_C_not_calibrated,2,0.9449847927,
E3,5,0,dimensionless_storage_C_not_calibrated,3,0.8833295767,
E3,5,0,dimensionless_storage_C_not_calibrated,4,1.046224776,
E3,5,1,local_grounding_normalized_to_16_pN_per_nm,0,0.967173425,
E3,5,1,local_grounding_normalized_to_16_pN_per_nm,1,1.063553123,
E3,5,1,local_grounding_normalized_to_16_pN_per_nm,2,0.9901351846,
E3,5,1,local_grounding_normalized_to_16_pN_per_nm,3,0.9680079524,
E3,5,1,local_grounding_normalized_to_16_pN_per_nm,4,0.9789021767,
E3,5,1,edge_weight_reference_kMZ_over_kTT_length_scaled,1-2,5.74491846,4.738614611
E3,5,1,edge_weight_reference_kMZ_over_kTT_length_scaled,2-4,4.369947922,6.579163045
E3,5,1,edge_weight_reference_kMZ_over_kTT_length_scaled,0-1,4.69533789,4.967603853
E3,5,1,edge_weight_reference_kMZ_over_kTT_length_scaled,3-2,16.32090559,1.570241492
E3,5,1,edge_weight_reference_kMZ_over_kTT_length_scaled,3-4,4.507361769,5.166128705
E3,5,1,dimensionless_storage_C_not_calibrated,0,0.9315092258,
E3,5,1,dimensionless_storage_C_not_calibrated,1,0.8835249222,
E3,5,1,dimensionless_storage_C_not_calibrated,2,1.078079595,
E3,5,1,dimensionless_storage_C_not_calibrated,3,0.9333776238,
E3,5,1,dimensionless_storage_C_not_calibrated,4,0.8869549729,
E3,6,0,local_grounding_normalized_to_16_pN_per_nm,0,1.033195845,
E3,6,0,local_grounding_normalized_to_16_pN_per_nm,1,0.9786813615,
E3,6,0,local_grounding_normalized_to_16_pN_per_nm,2,1.137949795,
E3,6,0,local_grounding_normalized_to_16_pN_per_nm,3,1.025258227,
E3,6,0,local_grounding_normalized_to_16_pN_per_nm,4,1.046705718,
E3,6,0,local_grounding_normalized_to_16_pN_per_nm,5,1.008951101,
E3,6,0,edge_weight_reference_kMZ_over_kTT_length_scaled,1-2,5.472072431,4.738614611
E3,6,0,edge_weight_reference_kMZ_over_kTT_length_scaled,2-4,3.08464906,6.579163045
E3,6,0,edge_weight_reference_kMZ_over_kTT_length_scaled,0-1,4.762305422,4.967603853
E3,6,0,edge_weight_reference_kMZ_over_kTT_length_scaled,5-4,10.00823077,2.076413537
E3,6,0,edge_weight_reference_kMZ_over_kTT_length_scaled,3-2,15.14913542,1.570241492
E3,6,0,edge_weight_reference_kMZ_over_kTT_length_scaled,3-4,5.064943214,5.166128705
E3,6,0,dimensionless_storage_C_not_calibrated,0,1.080469846,
E3,6,0,dimensionless_storage_C_not_calibrated,1,1.123376262,
E3,6,0,dimensionless_storage_C_not_calibrated,2,1.13445017,
E3,6,0,dimensionless_storage_C_not_calibrated,3,0.8724767575,
E3,6,0,dimensionless_storage_C_not_calibrated,4,0.9758416931,
E3,6,0,dimensionless_storage_C_not_calibrated,5,0.9359650986,
E4,4,0,local_grounding_normalized_to_16_pN_per_nm,0,1.013929964,
E4,4,0,local_grounding_normalized_to_16_pN_per_nm,1,1.107328989,
E4,4,0,local_grounding_normalized_to_16_pN_per_nm,2,0.8600696209,
E4,4,0,local_grounding_normalized_to_16_pN_per_nm,3,0.9932562135,
E4,4,0,edge_weight_reference_kMZ_over_kTT_length_scaled,3-2,4.852391201,7.695792033
E4,4,0,edge_weight_reference_kMZ_over_kTT_length_scaled,1-2,5.358498811,6.809622272
E4,4,0,edge_weight_reference_kMZ_over_kTT_length_scaled,1-0,4.744629065,7.875601582
E4,4,0,dimensionless_storage_C_not_calibrated,0,0.8689426622,
E4,4,0,dimensionless_storage_C_not_calibrated,1,1.196707176,
E4,4,0,dimensionless_storage_C_not_calibrated,2,1.176640602,
E4,4,0,dimensionless_storage_C_not_calibrated,3,1.154848208,
E4,5,0,local_grounding_normalized_to_16_pN_per_nm,0,1.048083122,
E4,5,0,local_grounding_normalized_to_16_pN_per_nm,1,1.056277485,
E4,5,0,local_grounding_normalized_to_16_pN_per_nm,2,1.049325768,
E4,5,0,local_grounding_normalized_to_16_pN_per_nm,3,1.027369293,
E4,5,0,local_grounding_normalized_to_16_pN_per_nm,4,1.020537247,
E4,5,0,edge_weight_reference_kMZ_over_kTT_length_scaled,2-4,6.343033084,5.344350978
E4,5,0,edge_weight_reference_kMZ_over_kTT_length_scaled,0-1,3.879571883,7.875601582
E4,5,0,edge_weight_reference_kMZ_over_kTT_length_scaled,3-2,4.599624148,7.695792033
E4,5,0,edge_weight_reference_kMZ_over_kTT_length_scaled,1-2,5.608799552,6.809622272
E4,5,0,dimensionless_storage_C_not_calibrated,0,1.05103093,
E4,5,0,dimensionless_storage_C_not_calibrated,1,0.9987020031,
E4,5,0,dimensionless_storage_C_not_calibrated,2,0.8533393424,
E4,5,0,dimensionless_storage_C_not_calibrated,3,1.063897182,
E4,5,0,dimensionless_storage_C_not_calibrated,4,1.101511531,
E4,5,1,local_grounding_normalized_to_16_pN_per_nm,0,0.9325161746,
E4,5,1,local_grounding_normalized_to_16_pN_per_nm,1,1.100292527,
E4,5,1,local_grounding_normalized_to_16_pN_per_nm,2,1.013210191,
E4,5,1,local_grounding_normalized_to_16_pN_per_nm,3,0.89539694,
E4,5,1,local_grounding_normalized_to_16_pN_per_nm,4,1.020376432,
E4,5,1,edge_weight_reference_kMZ_over_kTT_length_scaled,2-4,6.571370261,5.344350978
E4,5,1,edge_weight_reference_kMZ_over_kTT_length_scaled,0-1,4.614725565,7.875601582
E4,5,1,edge_weight_reference_kMZ_over_kTT_length_scaled,3-2,4.648909943,7.695792033
E4,5,1,edge_weight_reference_kMZ_over_kTT_length_scaled,1-2,5.00894517,6.809622272
E4,5,1,dimensionless_storage_C_not_calibrated,0,0.9441148482,
E4,5,1,dimensionless_storage_C_not_calibrated,1,0.959742205,
E4,5,1,dimensionless_storage_C_not_calibrated,2,0.947657894,
E4,5,1,dimensionless_storage_C_not_calibrated,3,1.090204095,
E4,5,1,dimensionless_storage_C_not_calibrated,4,0.9819987597,
E4,6,0,local_grounding_normalized_to_16_pN_per_nm,0,0.9462478456,
E4,6,0,local_grounding_normalized_to_16_pN_per_nm,1,0.9764110182,
E4,6,0,local_grounding_normalized_to_16_pN_per_nm,2,1.021935623,
E4,6,0,local_grounding_normalized_to_16_pN_per_nm,3,1.162999371,
E4,6,0,local_grounding_normalized_to_16_pN_per_nm,4,0.9873633556,
E4,6,0,local_grounding_normalized_to_16_pN_per_nm,5,1.064105721,
E4,6,0,edge_weight_reference_kMZ_over_kTT_length_scaled,2-4,6.405916868,5.344350978
E4,6,0,edge_weight_reference_kMZ_over_kTT_length_scaled,2-5,5.034752151,7.593210872
E4,6,0,edge_weight_reference_kMZ_over_kTT_length_scaled,4-5,5.152375058,6.914359301
E4,6,0,edge_weight_reference_kMZ_over_kTT_length_scaled,0-1,4.216936874,7.875601582
E4,6,0,edge_weight_reference_kMZ_over_kTT_length_scaled,3-2,4.420532109,7.695792033
E4,6,0,edge_weight_reference_kMZ_over_kTT_length_scaled,1-2,5.262679501,6.809622272
E4,6,0,dimensionless_storage_C_not_calibrated,0,1.125218454,
E4,6,0,dimensionless_storage_C_not_calibrated,1,1.006781116,
E4,6,0,dimensionless_storage_C_not_calibrated,2,0.877705367,
E4,6,0,dimensionless_storage_C_not_calibrated,3,1.131336393,
E4,6,0,dimensionless_storage_C_not_calibrated,4,1.081597095,
E4,6,0,dimensionless_storage_C_not_calibrated,5,1.144747137,
E5,4,0,local_grounding_normalized_to_16_pN_per_nm,0,0.8602373237,
E5,4,0,local_grounding_normalized_to_16_pN_per_nm,1,1.008080717,
E5,4,0,local_grounding_normalized_to_16_pN_per_nm,2,0.9491372649,
E5,4,0,local_grounding_normalized_to_16_pN_per_nm,3,0.9521312331,
E5,4,0,edge_weight_reference_kMZ_over_kTT_length_scaled,1-3,4.423504204,6.955971031
E5,4,0,edge_weight_reference_kMZ_over_kTT_length_scaled,1-0,5.568005767,5.286887936
E5,4,0,edge_weight_reference_kMZ_over_kTT_length_scaled,0-2,4.59369293,6.189390223
E5,4,0,dimensionless_storage_C_not_calibrated,0,0.9744442967,
E5,4,0,dimensionless_storage_C_not_calibrated,1,0.833672288,
E5,4,0,dimensionless_storage_C_not_calibrated,2,1.196960514,
E5,4,0,dimensionless_storage_C_not_calibrated,3,0.901015368,
E5,5,0,local_grounding_normalized_to_16_pN_per_nm,0,0.9671999434,
E5,5,0,local_grounding_normalized_to_16_pN_per_nm,1,1.121543851,
E5,5,0,local_grounding_normalized_to_16_pN_per_nm,2,1.07886723,
E5,5,0,local_grounding_normalized_to_16_pN_per_nm,3,1.026378896,
E5,5,0,local_grounding_normalized_to_16_pN_per_nm,4,0.9851481971,
E5,5,0,edge_weight_reference_kMZ_over_kTT_length_scaled,4-2,4.158224301,6.799516633
E5,5,0,edge_weight_reference_kMZ_over_kTT_length_scaled,3-1,3.989475848,6.955971031
E5,5,0,edge_weight_reference_kMZ_over_kTT_length_scaled,1-4,6.189769371,4.717190645
E5,5,0,edge_weight_reference_kMZ_over_kTT_length_scaled,1-0,5.755938272,5.286887936
E5,5,0,edge_weight_reference_kMZ_over_kTT_length_scaled,0-2,4.432284407,6.189390223
E5,5,0,dimensionless_storage_C_not_calibrated,0,0.8550378335,
E5,5,0,dimensionless_storage_C_not_calibrated,1,1.005663037,
E5,5,0,dimensionless_storage_C_not_calibrated,2,1.004156838,
E5,5,0,dimensionless_storage_C_not_calibrated,3,0.8890381649,
E5,5,0,dimensionless_storage_C_not_calibrated,4,1.161353203,
E5,5,1,local_grounding_normalized_to_16_pN_per_nm,0,0.9245359572,
E5,5,1,local_grounding_normalized_to_16_pN_per_nm,1,1.048173757,
E5,5,1,local_grounding_normalized_to_16_pN_per_nm,2,1.008554398,
E5,5,1,local_grounding_normalized_to_16_pN_per_nm,3,1.048645644,
E5,5,1,local_grounding_normalized_to_16_pN_per_nm,4,1.181305188,
E5,5,1,edge_weight_reference_kMZ_over_kTT_length_scaled,4-2,4.643635495,6.799516633
E5,5,1,edge_weight_reference_kMZ_over_kTT_length_scaled,3-1,4.687956887,6.955971031
E5,5,1,edge_weight_reference_kMZ_over_kTT_length_scaled,1-4,6.633772353,4.717190645
E5,5,1,edge_weight_reference_kMZ_over_kTT_length_scaled,1-0,5.498539289,5.286887936
E5,5,1,edge_weight_reference_kMZ_over_kTT_length_scaled,0-2,5.457695676,6.189390223
E5,5,1,dimensionless_storage_C_not_calibrated,0,0.9547930857,
E5,5,1,dimensionless_storage_C_not_calibrated,1,1.054729931,
E5,5,1,dimensionless_storage_C_not_calibrated,2,0.8039075825,
E5,5,1,dimensionless_storage_C_not_calibrated,3,0.9992093898,
E5,5,1,dimensionless_storage_C_not_calibrated,4,0.9932523258,
E5,6,0,local_grounding_normalized_to_16_pN_per_nm,0,1.071570328,
E5,6,0,local_grounding_normalized_to_16_pN_per_nm,1,1.191389772,
E5,6,0,local_grounding_normalized_to_16_pN_per_nm,2,0.9549416097,
E5,6,0,local_grounding_normalized_to_16_pN_per_nm,3,1.103241316,
E5,6,0,local_grounding_normalized_to_16_pN_per_nm,4,1.03432824,
E5,6,0,local_grounding_normalized_to_16_pN_per_nm,5,0.9298732082,
E5,6,0,edge_weight_reference_kMZ_over_kTT_length_scaled,4-2,4.659395215,6.799516633
E5,6,0,edge_weight_reference_kMZ_over_kTT_length_scaled,3-1,3.890378383,6.955971031
E5,6,0,edge_weight_reference_kMZ_over_kTT_length_scaled,3-5,7.20031936,4.278558273
E5,6,0,edge_weight_reference_kMZ_over_kTT_length_scaled,1-4,5.827480178,4.717190645
E5,6,0,edge_weight_reference_kMZ_over_kTT_length_scaled,1-0,5.050333675,5.286887936
E5,6,0,edge_weight_reference_kMZ_over_kTT_length_scaled,1-5,6.100981162,4.598823745
E5,6,0,edge_weight_reference_kMZ_over_kTT_length_scaled,0-2,4.583143446,6.189390223
E5,6,0,edge_weight_reference_kMZ_over_kTT_length_scaled,5-4,3.504829562,7.546283795
E5,6,0,dimensionless_storage_C_not_calibrated,0,1.17344018,
E5,6,0,dimensionless_storage_C_not_calibrated,1,1.174276533,
E5,6,0,dimensionless_storage_C_not_calibrated,2,0.852939135,
E5,6,0,dimensionless_storage_C_not_calibrated,3,1.054920745,
E5,6,0,dimensionless_storage_C_not_calibrated,4,1.062093207,
E5,6,0,dimensionless_storage_C_not_calibrated,5,1.10456915,
