condition,profile_amplitude,profile_calibration_error,crosstalk_fraction,noise_fraction,repeats,query_or_read_count,seed_count,converged_count,failure_count,convergence_rate,failure_rate,finite_L_error_count,finite_J_error_count,relative_L_error_median,relative_L_error_q25,relative_L_error_q75,relative_L_error_p90,relative_L_error_iqr,relative_J_error_median,relative_J_error_q25,relative_J_error_q75,relative_J_error_p90,relative_J_error_iqr
profile_amplitude_limited_known,0.25,0,0,0.001,5,60,20,20,0,1,0,20,20,0.2030093839,0.08974246418,0.3423218971,0.4340076918,0.2525794329,0.2053593225,0.09460354222,0.315755889,0.4469675815,0.2211523468
profile_amplitude_limited_known,0.5,0,0,0.001,5,60,20,20,0,1,0,20,20,0.08855045488,0.0500744026,0.1373707207,0.2826771171,0.08729631812,0.08931220633,0.05265560947,0.1408315515,0.2611903943,0.08817594202
profile_amplitude_limited_known,1,0,0,0.001,5,60,20,20,0,1,0,20,20,0.04797846943,0.0264466821,0.06467461236,0.09574753447,0.03822793027,0.04512483573,0.02542371948,0.06737132811,0.08918885358,0.04194760863
profile_strength_miscalibrated,0.85,-0.15,0,0.001,5,60,20,20,0,1,0,20,20,0.2470168638,0.2366152148,0.2864825987,0.3655998399,0.04986738389,0.2335866956,0.224717383,0.2702407782,0.3420983286,0.04552339515
profile_strength_miscalibrated,0.95,-0.05,0,0.001,5,60,20,20,0,1,0,20,20,0.08752958591,0.06769490745,0.1092058238,0.1651092369,0.04151091633,0.08770804177,0.06407679779,0.1053417718,0.1538488078,0.04126497398
profile_strength_miscalibrated,1.05,0.05,0,0.001,5,60,20,20,0,1,0,20,20,0.0757353511,0.06223084707,0.08396001002,0.0973997451,0.02172916295,0.07219585251,0.05902837468,0.08335788638,0.09218857437,0.0243295117
profile_strength_miscalibrated,1.15,0.15,0,0.001,5,60,20,20,0,1,0,20,20,0.1791488032,0.1745730775,0.184696872,0.1855562083,0.01012379446,0.1700585187,0.1651712403,0.1747256866,0.1777845668,0.009554446274
unmodelled_spatial_crosstalk,1,0,0.05,0.001,5,60,20,20,0,1,0,20,20,0.05886566895,0.04558110711,0.1082281382,0.1319524916,0.0626470311,0.05911452692,0.0465722919,0.1140810614,0.1298132365,0.0675087695
unmodelled_spatial_crosstalk,1,0,0.15,0.001,5,60,20,20,0,1,0,20,20,0.1843985056,0.1517304645,0.2281199612,0.2695942883,0.07638949663,0.1907722888,0.1547015525,0.2243653351,0.2754078323,0.06966378262
unmodelled_spatial_crosstalk,1,0,0.3,0.001,5,60,20,20,0,1,0,20,20,0.5726308496,0.4878790392,0.714259746,0.8086393834,0.2263807068,0.5963435408,0.5015902693,0.746087963,0.8513330829,0.2444976937
repeated_measurement_noise,1,0,0,0.003,1,12,20,19,1,0.95,0.05,20,20,0.3113263536,0.1940988436,0.5033947752,0.6188656497,0.3092959316,0.3156135987,0.1864813833,0.5248823608,0.6752454767,0.3384009775
repeated_measurement_noise,1,0,0,0.003,3,36,20,20,0,1,0,20,20,0.2947326005,0.1306101746,0.3335697354,0.5267189838,0.2029595608,0.2713149024,0.1376600933,0.3228997792,0.5015198988,0.1852396859
repeated_measurement_noise,1,0,0,0.003,10,120,20,20,0,1,0,20,20,0.1269193884,0.07645882521,0.1664918274,0.3045399842,0.09003300216,0.1291836219,0.07552013717,0.180611358,0.2782352553,0.1050912208
