"relative_path","size_bytes","sha256"
"docs/SUPPLEMENT_CONTROL_MAP.csv","3494","acfd3c2eaebd6e98bf018f70b3c562032b79bb7c30d76a4ce03889fe41a97219"
"results/auxiliary_controls/clamp_boundary/clamp_boundary_control.csv","231","305a1515deaa9de303af16379224ef4e430d3c351bcd67c858f49ca5845e529b"
"results/auxiliary_controls/cyclic_exact/cyclic_k9_matrices.csv","903","1ea3fd96ccafb7646a950a9c1ce513a4b451e433025005a7b89425ca12b0754d"
"results/auxiliary_controls/nonlinear_mismatch/mismatch_observations.csv","3066","30a65882c4f867548e12e78016b5958a775291462eda1ea6e913a10c6bc60a9a"
"results/auxiliary_controls/nonlinear_mismatch/mismatch_summary.json","863","c6b9805a9503f76bab4471f3578945ad10eea7ff92f14baaa20b4e07dfd88e9b"
"results/auxiliary_controls/synthetic/architecture_noise.csv","6306","60c62c2276e0cf65454cb658fff6e039171011035f2ec509be351d4b61fbd071"
"results/auxiliary_controls/synthetic/known_tree_y/architecture_repair_exact.csv","795","0bcf23f192ca8d03e298c2a64da5e0f5f9fa311c9d0b6d568e9448ed70a05354"
"results/auxiliary_controls/synthetic/known_tree_y/branch_alias_frequency.csv","704","da2d00e0a5771c53686701e5522b9fe204ebff8aba751ebfdbb6a4d36cadea03"
"results/auxiliary_controls/synthetic/path/exact_recovery.csv","2471","8ca7b5ac7679da385805959203e3412e85d61649abdf060b2c3480e27e797f9f"
"results/auxiliary_controls/synthetic/path/noise_replicates.csv","32658","558edb4edec588f4c7f4ed895b741017c481a4eda4aa890c66675ccfa9feb289"
"results/auxiliary_controls/synthetic/path/noise_summary.csv","1704","e7aa31d7822351c68690713f9937d7fb4dd2d797b5147922e6a96781915f1caa"
"results/auxiliary_controls/synthetic/path/scaling.csv","825","5a5142359c98efef891dc8a9e2e87f4e7f777152b91f75e1e1bac3c584a13ab4"
"results/auxiliary_controls/synthetic/path/synthetic_path_family.csv","1543","bfb256c28dacfd835648100970549495365de5cda535f88bc6f58c7128045f55"
"scripts/auxiliary_controls/legacy_v1_1/code/p11/__init__.py","99","8eb6fbcee7d8f3d1fd89ba3ed04e127b9a2d45b4e26dc3bb6def8f22306b230f"
"scripts/auxiliary_controls/legacy_v1_1/code/p11/approximate.py","8810","27a4ab485a61530094c11f5c0fec2b4dd0250f41ae0b8dd2166d1eab6d5a8d20"
"scripts/auxiliary_controls/legacy_v1_1/code/p11/architecture_repair.py","6870","88cf85127aaa25d48652b414454b9f91b047e409cdf93310a6a6cb32f8a4e7b4"
"scripts/auxiliary_controls/legacy_v1_1/code/p11/benchmark.py","14981","21814f6dc71c538b3ad2df7cbec6110c79d35a3f60c4545397a33847d90aaf9d"
"scripts/auxiliary_controls/legacy_v1_1/code/p11/errors.py","868","adc13cb86300e19b82b6f1067f1e3af784097d67ce4b7e4fcc01358855a2b0ad"
"scripts/auxiliary_controls/legacy_v1_1/code/p11/figures.py","14380","6542a6503ed28b46247bb278a9a827b6802b127547e4eb87f8886f03c0266710"
"scripts/auxiliary_controls/legacy_v1_1/code/p11/fixtures.py","2357","295e93f9a5ccd3aac013dbdc300bfbf1934ed3781933823cebe2361dde2c31e7"
"scripts/auxiliary_controls/legacy_v1_1/code/p11/k8.py","14161","1627bda23ec061907e39c1a09c1d74695556b40d998ef91787341fdf4b3c714a"
"scripts/auxiliary_controls/legacy_v1_1/code/p11/k9.py","13818","59f8dbaaac484db54beb2f079b722084a48d19a9397c28915e8cf0713fb10c8f"
"scripts/auxiliary_controls/legacy_v1_1/code/p11/mismatch.py","6124","bd9d247d4e5fe0b3af79eeb72463ef2455b8d95f24f184d2fcb90bb3c9379215"
"scripts/auxiliary_controls/legacy_v1_1/code/p11/models.py","4306","11bef0b7e3f6163ccfeae28e995fb9df9e0921a9f180c19956794be4f5185979"
"scripts/auxiliary_controls/legacy_v1_1/code/p11/pipeline.py","15726","97dd55d90b32c35764c40a65460069cea46e5e9d958ccf315fad955bc183e203"
"scripts/auxiliary_controls/legacy_v1_1/code/p11/scaling.py","1664","6737556c8c21df842f822286133560f405875cb279ff61f6171f0d3f09a49f4a"
"scripts/auxiliary_controls/README.md","858","77993652acd4a72afdb664eebb0407313f577b9dd9a91a6db213a044910a5250"
"scripts/auxiliary_controls/reproduce.py","2609","a9f00dfde932744f4dcc19b43eb64c7153115609f6155d9604d5d14afbd5fca5"
"support/SarcomereModel-v0.2.0/.gitignore","135","4a052a3e1edba077de833a34873e0b409cba611540e94ce2dd3b5c1168b7d0a1"
"support/SarcomereModel-v0.2.0/LICENSE","1077","dea7bc30c743ea6dc997e2e747ce51e22df492e56bf9797a2f6f81a14ea7210e"
"support/SarcomereModel-v0.2.0/media/model_results.png","932702","3bcf8df11d48318f3a056b9dc327898d59ac51e40cc8bddb9b84cb24552058c4"
"support/SarcomereModel-v0.2.0/pyproject.toml","860","ec16ced72e7a669fc215c52b3000c3acc559193019b3557cf79cff1eb57cd771"
"support/SarcomereModel-v0.2.0/quickstart.ipynb","170635","fcf18d0c4b754d84a759174cd973ffb753778bea90a240c5fe8536d6f3dfedcb"
"support/SarcomereModel-v0.2.0/README.md","5416","1740ceadbe3a54a56ec8cf17d4401407fdd63d7e7b0fe088fbb795dee3503b2d"
"support/SarcomereModel-v0.2.0/scripts/diff_evo_distributions.py","10427","10cbfca8394f229ce18cfecf5a389c8d5d412474a3711f79087610ce5dd82d7c"
"support/SarcomereModel-v0.2.0/src/model/__init__.py","86","beeca45507f7868978af7e3b729edc19fb05a04624558be9af5a5e84f69aad44"
"support/SarcomereModel-v0.2.0/src/model/analysis.py","11487","cab3a4e331a40f5713ea142e37673c1e30f79b93361e3370b30f6f1a06eda0b7"
"support/SarcomereModel-v0.2.0/src/model/model.py","15909","4e333c68eb5d243b7acd77105d3492008f78ea5864b9de8f3641728cc394fd89"
"support/SarcomereModel-v0.2.0/src/model/plots.py","21075","27b8ee10358b48bd59caa782bc041aa395f4d978fef7c4816ef30225d60f7a49"
"support/SarcomereModel-v0.2.0/src/model/utils.py","4316","675bccae5112a24975b2afa83730c81d0bf4cb98d57270a5216c1c073b8bf70c"
"support/SarcomereModel-v0.2.0/uv.lock","680301","40418195d45e389a25dbb36b1c8de19ccd2c05b86481a1b830d8c1a2fdbfe1bd"
