supplement_section,claim_or_control,local_artifact,public_v1_0_1_path,evidence_type,redistributable,notes
S5.1,Five-node cyclic exact recovery with 20 ideal scalar queries,results/cyclic_k9_matrices.csv,results/auxiliary_controls/cyclic_exact/cyclic_k9_matrices.csv,retained true/recovered L/C matrix record,yes,"Five-node connected one-cycle fixture; test checks exactly 20 oracle queries"
S5.3,Correct retained principal-block clamp threshold versus intentionally incorrect deleted-edge construction,results/clamp_boundary_control.csv,results/auxiliary_controls/clamp_boundary/clamp_boundary_control.csv,retained synthetic semantic-control result,yes,"Retained diagonal preserves stiffness from an edge to a clamped node"
S5.4,Nonlinear mismatch runner,code/p11/mismatch.py,scripts/auxiliary_controls/legacy_v1_1/code/p11/mismatch.py,pre-existing P1.1 runner/workflow,yes,"Historical runner captured a typed PrecisionFailure; current API remains separately documented"
S5.4,Per-frequency and per-profile mismatch observations,results/mismatch_observations.csv,results/auxiliary_controls/nonlinear_mismatch/mismatch_observations.csv,retained observation table,yes,"Values describe a bounded out-of-class control, not human validation"
S5.4,Model version seed configuration and typed failure,results/mismatch_summary.json,results/auxiliary_controls/nonlinear_mismatch/mismatch_summary.json,retained provenance/configuration summary,yes,"n=6, dt=0.002 s, duration=6 s, 1 Hz, seed 78031; source model v0.2.0"
S5.4,Upstream SarcomereModel v0.2.0 source metadata and license,support/SarcomereModel-main/{README.md,LICENSE,pyproject.toml},support/SarcomereModel-v0.2.0/,version and license provenance,yes,"MIT license and upstream README are retained with source"
S5.1,Generated and inherited path-family controls,results/synthetic_path_family.csv; results/exact_recovery.csv,results/auxiliary_controls/synthetic/path/,fixed-seed synthetic output and exact-recovery test,yes,"Maps to code/p11/models.py and tests/test_core.py path-family control"
S5.1,Known labelled Y-tree recovery and daughter-swap ambiguity,results/architecture_repair_exact.csv; results/branch_alias_frequency.csv,results/auxiliary_controls/synthetic/known_tree_y/,synthetic exact-control outputs,yes,"Maps to make_y_tree_fixture and test_y_tree_profiles_resolve_labelled_daughter_swap"
S5.1,Endpoint-path coherent-only spectral measure,code/tests/test_core.py,tests/test_core.py,test and fixture,yes,"test_endpoint_path_coherent_spectral_measure_control"
S5.2,Inherited fixed-seed path noise controls,results/noise_replicates.csv; results/noise_summary.csv,results/auxiliary_controls/synthetic/path/,retained per-draw and summary tables,yes,"Historical benchmark module retained in the isolated legacy source namespace"
S5.2,Fixed-seed Y/cyclic perturbation controls,results/architecture_noise.csv,results/auxiliary_controls/synthetic/architecture_noise.csv,retained per-draw table,yes,"Synthetic algorithmic perturbations; no noisy general-graph theorem is claimed"
S8,Current unknown-topology public API,legacy recover_joint_LC name in historical source,code/p11/unknown_topology.py::recover_unknown_topology,API naming documentation,yes,"No compatibility alias is introduced"

S5.1,Path query-budget and scaling summary,results/scaling.csv,results/auxiliary_controls/synthetic/path/scaling.csv,retained synthetic path scaling table,yes,"825 bytes; SHA-256 5a5142359c98efef891dc8a9e2e87f4e7f777152b91f75e1e1bac3c584a13ab4"
