movie,source,target,detections,detection_fraction,length_px
E3,49,62,16,0.10666666666666667,4.738614611200976
E3,49,159,17,0.11333333333333333,4.967603852597109
E3,62,127,30,0.2,6.579163045124958
E3,62,240,16,0.10666666666666667,1.570241492161802
E3,64,68,71,0.47333333333333333,4.992576268013632
E3,64,72,55,0.36666666666666664,7.621993920259421
E3,64,138,73,0.4866666666666667,6.54907862473203
E3,67,72,15,0.1,9.184322619051706
E3,67,137,24,0.16,9.469909703433535
E3,67,141,24,0.16,2.3965805765716346
E3,67,212,16,0.10666666666666667,4.112660087754767
E3,68,77,84,0.56,8.284534344997121
E3,72,77,34,0.22666666666666666,6.604215501634773
E3,72,184,23,0.15333333333333332,7.034605330163182
E3,72,212,24,0.16,5.084957445719938
E3,127,129,41,0.2733333333333333,5.723339942574612
E3,127,210,18,0.12,2.0764135365716054
E3,127,240,22,0.14666666666666667,5.166128704965613
E3,127,257,20,0.13333333333333333,4.221818209498047
E3,128,129,20,0.13333333333333333,7.419761253614865
E3,129,165,21,0.14,6.318472245561911
E3,130,133,15,0.1,7.603381975996969
E3,133,137,39,0.26,7.542023038362461
E3,133,165,20,0.13333333333333333,5.642220690187042
E3,133,216,53,0.35333333333333333,7.744432803507238
E3,134,138,146,0.9733333333333334,6.20597195156596
E3,134,216,54,0.36,6.8412125667777355
E3,137,141,60,0.4,7.0733390824696
E3,141,184,32,0.21333333333333335,4.590428833271211
E4,816,838,109,0.7266666666666667,6.76911611147813
E4,816,1309,37,0.24666666666666667,10.41100053503062
E4,818,843,69,0.46,7.080317162035267
E4,818,1693,16,0.10666666666666667,7.245610759374045
E4,818,1856,65,0.43333333333333335,6.656280325961619
E4,820,843,18,0.12,8.156059802304755
E4,820,846,24,0.16,6.247432321589278
E4,820,1386,59,0.3933333333333333,7.555410155491307
E4,820,2327,21,0.14,8.77749915721394
E4,834,843,82,0.5466666666666666,7.321153739062323
E4,834,1107,18,0.12,8.112727564708997
E4,834,1310,73,0.4866666666666667,6.9709539406445105
E4,834,1856,57,0.38,7.766380445140318
E4,834,2298,39,0.26,7.177635698391977
E4,838,1309,85,0.5666666666666667,3.643880999100697
E4,849,877,32,0.21333333333333335,7.924867454297128
E4,849,878,29,0.19333333333333333,5.984751660587945
E4,850,858,19,0.12666666666666668,5.344350977944267
E4,850,878,72,0.48,7.69579203327987
E4,850,1310,43,0.2866666666666667,7.593210872074539
E4,850,1390,34,0.22666666666666666,6.809622271708951
E4,854,1182,49,0.32666666666666666,6.543903083475139
E4,854,1943,79,0.5266666666666666,6.311929494500879
E4,857,858,123,0.82,6.885021944519314
E4,857,863,21,0.14,7.010583217965609
E4,857,1182,45,0.3,6.874277644236825
E4,857,1943,77,0.5133333333333333,7.246256751052241
E4,858,1310,24,0.16,6.914359301128062
E4,863,1106,31,0.20666666666666667,6.001660581505266
E4,870,1390,77,0.5133333333333333,7.875601581839698
E4,877,879,48,0.32,8.071256822310048
E4,877,1875,83,0.5533333333333333,6.347803683409484
E4,878,1875,85,0.5666666666666667,7.823568413101645
E4,878,2367,21,0.14,8.381702800945819
E4,1106,2313,23,0.15333333333333332,6.761591076364918
E4,2298,2367,21,0.14,8.450292501442021
E5,864,895,15,0.1,6.973281492474401
E5,867,894,16,0.10666666666666667,7.8024419176975295
E5,867,1130,25,0.16666666666666666,8.313745790088097
E5,877,895,69,0.46,6.669095708309307
E5,883,887,150,1.0,6.584972489403614
E5,883,911,150,1.0,6.659570009903773
E5,887,894,150,1.0,6.70892033376952
E5,893,1132,17,0.11333333333333333,10.959485903435757
E5,894,1347,96,0.64,6.715784601232172
E5,895,1130,26,0.17333333333333334,8.029747919048416
E5,895,1133,90,0.6,7.776218368915059
E5,895,1319,63,0.42,8.317763162700821
E5,895,1355,18,0.12,8.934830707478845
E5,898,908,142,0.9466666666666667,6.572486997289313
E5,898,919,150,1.0,7.074658200654828
E5,899,922,140,0.9333333333333333,7.156684677731239
E5,899,1130,18,0.12,10.976946548570883
E5,899,1133,107,0.7133333333333334,7.17147885309155
E5,901,921,149,0.9933333333333333,6.6651371923307545
E5,901,1134,27,0.18,6.793240756921539
E5,901,1183,108,0.72,8.180559221144273
E5,902,908,64,0.4266666666666667,5.176063105577837
E5,911,1134,30,0.2,6.8004663475367035
E5,911,1273,17,0.11333333333333333,8.182532172518151
E5,912,916,87,0.58,6.799516632740308
E5,912,936,55,0.36666666666666664,4.717190645334029
E5,912,939,44,0.29333333333333333,7.546283794562447
E5,915,938,83,0.5533333333333333,8.82812014882215
E5,916,922,139,0.9266666666666666,7.3838289986582
E5,916,937,50,0.3333333333333333,6.189390222906776
E5,919,1183,104,0.6933333333333334,7.498329997298225
E5,919,1479,31,0.20666666666666667,7.265774558944475
E5,921,1184,16,0.10666666666666667,8.179737799558378
E5,921,1386,107,0.7133333333333334,6.8657382118592345
E5,934,938,15,0.1,10.17579484881825
E5,935,936,69,0.46,6.955971031029406
E5,935,939,69,0.46,4.27855827322582
E5,935,1135,118,0.7866666666666666,6.230773866752695
E5,936,937,37,0.24666666666666667,5.286887935977499
E5,936,939,18,0.12,4.598823745375807
E5,938,940,135,0.9,7.026837482210802
E5,938,1184,20,0.13333333333333333,9.354848656168835
E5,940,1135,99,0.66,7.551468162150556
E5,940,1479,15,0.1,8.058599016283159
E5,1135,1445,15,0.1,7.354030838302642
E5,1216,1319,16,0.10666666666666667,6.885484605080695
E5,1347,1417,29,0.19333333333333333,7.915597270221267
