movie,node,x_px,y_px,tracked_frames,degree
E3,48,168.30338287631335,-175.91528667640245,83,2
E3,49,127.21255572028652,-175.51198001224665,55,2
E3,62,131.7657890286942,-176.8244337724585,77,3
E3,63,140.0028130184637,-174.60953788557416,54,1
E3,64,167.64933601313635,-199.25977419088483,136,3
E3,67,159.34826054912963,-201.03432035134787,77,4
E3,68,171.5007666798684,-202.4366121803468,149,3
E3,72,166.50145795721758,-206.79483671811124,150,5
E3,77,171.81623941065828,-210.7151377899928,150,3
E3,127,135.896469132556,-181.94526068360264,114,5
E3,128,146.89950667147681,-181.88722442685466,69,1
E3,129,140.403561074788,-185.47268783700176,96,3
E3,130,149.51730920202039,-183.99234340045945,52,1
E3,133,145.93134715835325,-190.6969905719588,146,4
E3,134,157.55372303294294,-191.46449536047706,150,2
E3,137,151.39043525961964,-195.90088032999574,150,3
E3,138,162.44756307112547,-195.28083097783372,148,2
E3,141,157.33111801621206,-199.7402050311792,85,3
E3,155,170.66125922359186,-186.37792640582515,29,1
E3,159,123.08140523105527,-172.75323325481094,51,1
E3,165,146.7115563063355,-185.10897410793692,54,2
E3,184,161.2799767211345,-202.0808356730973,48,2
E3,210,134.96580072340453,-180.08909541966054,37,1
E3,212,162.69983619573742,-203.4177870875279,38,2
E3,216,152.59519860781248,-186.7511923881208,84,2
E3,240,132.20381115830335,-178.33234456480636,58,2
E3,257,139.11318765138557,-184.6795743021673,45,1
E3,263,167.63319339368164,-174.5074069652808,35,1
E4,816,201.93157108379717,-446.00838356020336,150,5
E4,818,155.1490258570474,-446.03665188436844,150,4
E4,820,165.51753184403225,-443.74636255034164,145,6
E4,834,164.41162049641449,-456.7062036759395,150,5
E4,838,198.85693799858657,-452.03893613206617,125,2
E4,843,160.75199595888978,-450.36534881911354,106,3
E4,846,167.05987296597164,-449.80041858546497,24,1
E4,849,186.76323176135756,-471.2783365220668,48,2
E4,850,174.25638998064326,-467.20354672550894,114,4
E4,854,196.89376311489414,-464.3878363605648,150,3
E4,857,183.52263753382735,-463.2665680889536,150,4
E4,858,176.68694442850344,-462.4438731598701,147,3
E4,863,179.5434228985244,-457.49472887235964,81,2
E4,870,173.00312912693894,-481.8059686539122,150,1
E4,877,194.68809418681167,-471.28726433274255,140,3
E4,878,180.77848885548744,-471.2885731986484,150,4
E4,879,202.4126493644258,-468.9470861344676,115,3
E4,1106,173.79518480188293,-455.7691308543051,116,2
E4,1107,168.18591627952162,-463.887501600466,63,1
E4,1182,190.37522251660081,-463.81225314823394,58,2
E4,1309,197.33648032550394,-455.3504429190094,112,2
E4,1310,169.93346331604707,-460.961018679892,102,3
E4,1386,172.76892876084102,-445.8680282574212,67,2
E4,1390,173.21616742814842,-473.9332489867264,77,2
E4,1693,156.6535276330314,-453.1243418946904,16,1
E4,1791,200.6342444715862,-471.8581442995475,40,1
E4,1856,158.31939595919366,-451.889413727567,75,2
E4,1875,188.48493334870662,-469.9398938492797,96,2
E4,1943,190.75962999428626,-462.90026626063286,85,2
E4,2298,170.81646611019588,-459.94601954762976,50,2
E4,2313,180.46396141356556,-456.8856130025961,36,1
E4,2327,174.14260723308772,-445.37503255620567,28,1
E4,2367,173.02602076399506,-468.10232456839753,36,2
E5,864,178.44446175940058,-384.71310304153553,18,1
E5,867,188.24489551119544,-381.2211817827498,57,2
E5,877,166.66685373424994,-378.1257375035344,72,2
E5,883,208.42787054562996,-384.6133086376975,150,2
E5,886,235.9922968312974,-380.0082198989767,71,1
E5,887,202.46372667565262,-381.8220991177198,150,2
E5,893,224.97922747628746,-375.3400079251312,88,1
E5,894,195.97102472919576,-380.13259224311366,150,4
E5,895,171.93289116836004,-382.2178869765059,150,6
E5,898,204.60303877907472,-392.4380000487706,150,2
E5,899,182.09588544357854,-392.58710796032705,150,3
E5,901,226.05786268054757,-394.57831357638065,149,3
E5,902,194.5649618043254,-389.51522125919126,65,1
E5,908,199.57309950291733,-388.2074804343844,142,2
E5,911,214.21813538621564,-387.9030967452642,150,3
E5,912,201.2067162036223,-401.7052358796702,107,3
E5,915,238.92205955965696,-407.6395148612801,104,2
E5,916,194.80285516807845,-399.41963086647235,150,3
E5,919,210.53419292144156,-396.29444908844135,150,3
E5,921,232.11317231959242,-397.3635027921937,150,3
E5,922,187.92002221795207,-396.74614227250373,140,2
E5,934,240.019263473561,-408.87020399044445,40,2
E5,935,210.57870910520433,-407.75137415064404,141,3
E5,936,203.99325874470094,-405.5114240320329,130,4
E5,937,198.91320151308864,-404.04711444348,65,2
E5,938,230.23158805894587,-406.0866431803714,150,4
E5,939,208.36659159069586,-404.0890528922897,150,3
E5,940,223.34120867472285,-404.70855866087453,141,3
E5,1130,179.95284379541854,-381.82138791824747,55,3
E5,1132,228.402741376276,-385.7510541667052,54,1
E5,1133,175.96452392244407,-388.86736135101467,107,2
E5,1134,220.08557686133352,-391.341042800694,30,2
E5,1135,216.7720888356677,-408.43298290417783,137,3
E5,1183,218.03128215093153,-396.1580458866906,110,2
E5,1184,238.72888550296076,-402.17395490659317,36,3
E5,1216,174.81350971761628,-377.6072874385481,51,2
E5,1273,221.70166134127794,-384.59391678125445,24,1
E5,1319,168.62652501432666,-374.5855133688891,79,3
E5,1347,189.5294128399747,-378.2332768193904,97,3
E5,1355,180.78293581340296,-380.98991728956156,54,1
E5,1386,238.59908983134403,-399.61544311656684,108,2
E5,1417,181.6242651656667,-378.6398729233037,39,1
E5,1445,224.0185053382283,-407.17950077741114,19,1
E5,1479,216.6446994672281,-400.22550361557586,31,2
